位移,跟踪器头,高压调压阀,工件
传感器,缓冲,滑轨,面板
阀芯,感应器,线缆,
铜针,油枪,高压阀芯,
阀芯,M型阀片,高压阀芯,
感应器,气缸,阀座,
枪杆,气缸,气缸,
阀片,传感器,夹爪,
工装,高压阀芯,缓冲,
套管,高压气管,拉拔销,
阀芯,工装,通电工装,
铜针,打码针,顶头工装,
铜套,弹簧,套筒,
气缸,压力表,高压枪头,
压力开关,皮带,示教面板,
感应器,阀芯,工装,
焊头,打码针,铜针,
铆头,阀芯,铜套,
焊头,阀套,内窥镜电机控制器,
感应器,传感器,传感器,
阀芯,阀芯,真空发生器,
传感器,磁条,丝杆,
传感器,真空表,皮带,
按钮,感应器,弹簧,
阀芯,气缸,接头,
滑轨,铜针,轴承,
限位开关,pilz模块,电机,
WIKA,卡爪,真空发生器,
位移,焊头,线缆,
阀芯,油阀,焊接单元,
连接头,铜针,焊接单元,
高压气管,工装,焊接单元,
保险丝,传感器,焊接单元,
传感器,扭力枪气缸,气缸,
气缸,阀芯,噪音机,
挡停气缸,三连件,传感器,
接触器,低压阀芯,油阀,
四芯线,高压枪头,泵,
焊头,调压阀,接头,
调压阀,压力表,开关,
打油电机,气动枪,皮带,
高压气管,限位开关,气缸,
气缸,moby传感器,气缸,
感应器,铜针,线圈,
Harting卡扣,镜片,线缆,
阀片,阀芯,阀,
缓冲,连接头,阀,
套筒,气缸,阀,
消声器,扭力枪气缸,阀,
消声器,扭力枪气缸,吸盘,
BUS接头,测电流控制器,吸盘,
阀芯,焊头,吸盘,
铆头,传感器,吸盘,
铜针,铜针,吸盘,
阀芯,焊头,吸盘,
扫码枪,卡爪,工装,
光纤,卡爪,吸盘,
焊头,工装,工装,
阀芯,高压阀芯,工装,
感应器,感应器,工装,
吸尘袋,三芯线,弹簧,
滑道感应器,灯泡,探针,
枪头,焊头,探针,
复位按钮,铜针,探针,
感应器,联轴器,探针,
打油电机,铜针,探针,
缓冲,阀片,探针,
套管,Moby传感器,探针,
接触器,焊头,工装,
辅助触点,工装,工装,
打油针,工装,工装,
打油针,电机,工装,
传感器,传感器,工装,
工装,SMC电缸控制器,工装,
传感器,打油电机,线缆,
反光板,滑道传感器,泵,
焊头,刷头固定工装,线缆,
焊头,真空阀,线缆,
卡爪,四芯线,开关,
套管,四芯线,控制器,
气缸,阀芯,驱动器,
感应器,阀座,枪头,
焊头,平衡吊,枪头,
阀芯,焊头,枪头,
滑道传感器,焊头,枪头,
雄克传感器,气缸,枪头,
四芯线,高压阀芯,枪头,
感应器,高压阀芯,枪头,
橡胶吸头,轴承,枪头,
阀芯,挡停,工装,
阀芯,夹爪,枪头,
阀芯,夹爪,枪头,
感应器,夹爪,气压表,
感应器,套筒,气压表,
感应器,夹密封圈气缸,缓冲,
MOBY,吸头,气缸,
气缸传感器,滤袋,气缸,
滑道传感器,工装,气缸,
MOBY,铆头,气缸,
连接头,过滤袋,气缸,
滑道传感器,打油电机,气缸,
焊头,安全模块,气缸,
感应器,焊头,气缸,
感应器,工装,气缸,
感应器,铜针,气动枪,
焊头,铜针,平衡吊,
感应器,四芯线,皮带,
保险丝,内窥镜杆,传送带,
交换机,感应器,皮带,
smc感应器,感应器,皮带,
高压枪头,安全模块,皮带,
高压气管,线,皮带,
泵,传感器,传感器,
Harting接头,卡爪,扭力枪套,
气动枪,焊头,扭力枪,
工装,SMC气缸,模块,
阀芯,磁条,密封圈,
焊头,夹爪,密封垫,
铆头,阀芯,铆头,
铆头,缓冲,铆头,
感应器,皮带,铆头,
卡爪,harting接头,密封圈,
阀芯,连接头,铆刀,
振动控制器,感应器,铆刀,
跟踪头密封圈,枪头,铆刀,
气缸,阀芯,铆刀,
三芯线,阀芯,铆刀,
传感器,铆头,工装,
工装,焊头,联轴器,
传感器,焊头,接头,
气缸,铆刀,电机,
P4泵,200bar调压阀,镜片,
气缸,密封圈,销子,
压力开关,阀芯,控制器,
工装,焊头,卡扣,
皮膜,铆头,阀,
光纤头子,枪头,节流阀,
光纤,扭力枪电机,节流阀,
放大器,驱动器,节流阀,
感应器,反光板,阀,
,气缸,节流阀,
,哈丁接头,节流阀,
感应器,皮带,节流阀,
三芯线,水泵,节流阀,
铜针,工装,接头,
U型传感器,四芯线,减速箱,
气缸,拉销,工装,
工装,卡爪,夹爪,
铆头,夹爪,夹爪,
焊头,油压传感器,工装,
铆头,高压枪头,夹爪,
阀芯 ,焊头,夹爪,
阀,快速排气阀,继电器,
WIKA,翻转气缸,皮带,
传感器,枪头,皮带,
皮带,焊头,活塞,
连接头,感应器,顶丝,
铆刀,感应器,缓冲,
U型传感器,气缸,滑轨,
滑道传感器,感应器,滑轨,
铜针,感应器,滑轨,
滤网,焊头,传感器,
5101模块,铆头,传感器,
夹爪,工装,传感器,
滑道传感器,铜针,传感器,
皮带,工装,焊接单元,
高压枪头,焊头,焊接单元,
气缸,焊头,焊接单元,
弹簧,卡爪,焊接单元,
枪头,挡停气缸,焊接单元,
工装,限位开关,焊接单元,
工装,丝杆,焊接单元,
感应器,铜针,光栅,
打码针,焊头,工装,
焊头,铜针,工装,
控制器,铆头,工装,
力传感器,铜针,工装,
相机线,铆头,工装,
工装,高压气管,工装,
铜针,气缸,工装,
铜针,缓冲,工装,
传感器,吸头,工装,
成像装置,吸头,工装,
感应器,感应器,工装,
枪头,四芯线,工装,
阀芯 ,接头,工装,
阀座,风扇,高压软管,
限位开关,缓冲,枪头,
限位开关,传感器,高压软管,
扭力枪头,接头,高压阀芯,
气缸,皮带,高压阀芯,
同步带,气缸,高压阀芯,
高压枪头,卡箍,高压阀芯,
旋转电机,传感器,高压阀芯,
感应器,工装,高压阀芯,
感应器,皮带,高压阀芯,
阀芯,气缸,高压阀芯,
打油电机,打油阀,WIKA,
安全模块,铆刀,触点,
高压气管,感应器,电机,
镭射镜片,接头,电机,
枪头,感应器,反光板,
感应器,套管,挡停,
感应器,感应器,阀座,
复位按钮,感应器,阀座,
IPC  V3.1,三芯线,阀,
压力开关,三芯线,密封圈,
枪套,气缸,阀套,
夹爪,感应器,阀片,
阀芯,焊头,阀岛,
阀套,夹爪,焊接单元,
位移,雄克气缸,焊接单元,
感应器,一芯线,焊接单元,
焊头,气缸,焊接单元,
夹爪,感应器,焊接单元,
铆头,安全皮条,线缆,
三星线,工装,工装,
感应器,感应器,工装,
挡停,三芯线,调压阀,
工装,J型阀片,调压阀,
枪杆,气缸,调压阀,
四芯线,焊头,阀,
感应器,焊头,电源模块,
打油电机,夹爪,电机,
夹爪工装,扭力枪驱动器,电机,
工装,气缸,电机,
气缸,感应器,风机,
气缸,枪杆,电磁阀,
阀芯,接头,,
单向接头,枪头,气缸,
感应器,焊头,气缸,
打油阀,感应器,气缸,
感应器,高压枪头,气缸,
挡停气缸,工装,挡停,
吸头,阀座,弹簧,
铆头,阀芯,弹簧,
振动器,传感器,弹簧,
感应器,连接头,弹簧,
铜套,连接头,打油枪,
滑道挡停气缸,打印头,打油阀,
气缸,枪头,打油阀,
铆头,枪杆,打油阀,
气缸,阀芯,打码针,
感应器,阀芯,打码针,
夹爪,感应器,打码针,
真空发声器,扭矩传感器,线缆,
压力传感器,扭矩传感器,传感器,
开关电源,焊头,传感器,
工装,焊头,传感器,
焊头,枪头,传感器,
夹爪,快排,传感器,
感应器,气缸,传感器,
工装,连接头,传感器,
感应器,感应器,传感器,
工装,阀芯,传感器,
密封圈,感应器,传感器,
滑道挡停气缸,4*6定位销,传感器,
四芯线,弹簧,传感器,
焊头,夹爪,传感器,
铆头,感应器,传感器,
5连件,感应器,传感器,
把手,焊头,传感器,
工装,感应器,传感器,
焊头,气缸,传感器,
阀芯,卡扣,传感器,
阀套,缓冲,传感器,
阀芯,缓冲,传感器,
气缸,连接头,传感器,
滑道传感器,工装,传感器,
传感器,气缸,传感器,
工装,高压气管,传感器,
气缸,传感器,传感器,
电机,阀芯,传感器,
挡停气缸,阀座,传感器,
卡爪,铜针,齿轮箱,
弹簧,感应器,齿轮箱,
气缸,阀芯,齿轮箱,
传感器,阀芯,齿轮箱,
铜针,阀座,控制器,
感应器,铆头,销子,
打码针,传感器,泵,
感应器,高压枪头,保险丝,
工装,传送带,保险丝,
枪头,工装,拔销,
滑道感应器,传感器,拔销,
感应器,U型传感器,气缸,
气囊,铜针,电缸,
高压阀芯,焊头,泵,
工装,轴流风扇,泵,
感应器,轴流风扇,线缆,
工装,吸尘器,传感器,
工装,阀芯,MOBY,
缓冲限位,阀座,MOBY,
比例阀,工装,模块,
控制器,内窥镜镜头,模块,
电磁阀,感应器,模块,
消声器,连接头,模块,
接触器,感应器,模块,
高压气管,电源,电缸,
焊头,电源模块,模块,
铆头,挡停气缸,Harting,
吸头,限位开关,气缸,
反光板,打油阀枪头,传感器,
感应器,电机,传感器,
压力传感器,工装,传感器,
单向阀连接头,高压枪头,接头,
HARTING接头,微动开关,模块,
四芯线,阀芯,线缆,
感应器,传感器,工装,
感应器,阀芯,过滤器,
连接头,连接头,过滤器,
阀芯,阀芯,传送带,
三芯线,阀块,轴承,
感应器,阀座,继电器,
密封圈,传感器,真空发生器,
阀芯,焊头,阀片,
阀芯,感应器,线缆,
阀套,气缸,焊接单元,
夹爪,焊头,焊接单元,
过滤袋,拔销,焊接单元,
枪套,传感器,焊接单元,
打码针,滑道传感器,焊接单元,
连接头,气缸,焊接单元,
夹爪,焊头,噪音机,
阀芯,焊头,噪音机,
阀套,皮带,噪音机,
滑道感应器,吸头,气压表,
电缸,感应器,气缸,
工装,焊头,气缸,
打码针,阀芯,传感器,
感应器,感应器,销子,
断路器,Moby传感器,销子,
接触器,传感器,销子,
感应器,传感器,销子,
感应器,工装,消音器,
铜针,工装,线缆,
断路器,工装,阀,
接触器,Moby传感器,阀,
阀芯,滑道感应器,阀,
阀套,镜片,阀,
直流电源,感应器,阀,
皮带,感应器,阀,
阀片,连接头,阀,
内窥镜光源,阀芯,阀,
气缸,气缸,阀,
高压气管,焊头,节流阀,
传感器,比例阀,阀,
打码针,传感器,阀,
感应器,电磁阀,阀,
气缸,气缸,阀,
夹爪,工装,阀,
夹爪,枪杆,阀,
位移,气缸,阀,
感应器,微动开关,阀,
继电器,轴套,吸盘,
复位按钮,工装,吸盘,
感应器,传感器,吸盘,
夹爪,枪杆,吸盘,
感应器,工装,工装,
电磁阀,工装,吸盘,
消音器,弹簧,吸盘,
打油针,连接线,工装,
打油针管,把手,工装,
皮带,焊头,传感器,
焊头,真空发生器,传感器,
工装,三芯线,探针,
气缸,铜针,探针,
焊头,焊头,探针,
MOBY,滑道感应器,探针,
阀芯,感应器,探针,
阀套,焊头,探针,
皮带,枪头,探针,
超声波控制器,打油电机,探针,
接触器,传感器,探针,
长轴,传感器,探针,
轮子,轴承,探针,
轴承,高压气管,探针,
阀芯,焊头,工装,
枪套,保险丝,传送带,
打码针,枪头,工装,
阀套,铆头,工装,
电机,安装板,工装,
5连件,气缸,工装,
感应器,齿轮,枪头,
吸嘴,安装轴,传感器,
密封圈,焊头,传感器,
阀芯,焊头,线缆,
连接头,感应器,联轴器,
位移,滑道感应器,模块,
尼龙工装,滑道感应器,线缆,
五连件开关,挡停,线缆,
消声器,铜针,线缆,
三芯线,三芯线,线缆,
灯泡,感应器,线缆,
传感器,三芯线,线缆,
真空泵,感应器,线缆,
传感器,气缸,线缆,
温度传感器,五连件,驱动器,
气缸,感应器,枪头,
铜针,旋转气缸,枪头,
公头,工装,枪头,
母头,感应器,枪头,
轴承,枪头,枪头,
滑道感应器,pilz模块,枪头,
感应器,感应器,工装,
打油阀,感应器,工装,
感应器,感应器,工装,
传感器,工装,枪头,
继电器,把手,工装,
辅助触点,铆头,工装,
滑道感应器,工装,气囊,
固态继电器,枪杆,焊接单元,
吸头,枪套,气缸,
按钮盒,工装,气缸,
挡停气缸,阀芯,传感器,
传感器,感应器,气缸,
工装,铜针,气缸,
铆头,吸头,气缸,
固态继电器,吸头,气缸,
尼龙头,吸头,气缸,
感应器,铆刀,气缸,
定位销,限位开关,气缸,
销套,焊头,皮带,
灯泡,焊头,皮带,
锁紧定位销,铜针,皮带,
传感器,铜针,皮带,
钢针,打码针,皮带,
枪头,铆刀,控制器,
感应器,气缸,工装,
皮带,感应器,门锁,
气缸,枪头,工装,
四芯线,夹爪,工装,
滑道感应器,工装,铆刀,
吸尘器袋子,感应器,铆刀,
焊头,感应器,铆刀,
气缸,快速排气阀,工装,
Moby传感器,感应器,线缆,
工装,感应器,接头,
把手,夹爪,接头,
滑道感应器,模块,工装,
滑道感应器,铆刀,联轴器,
工装,铆刀,弹簧,
OM工装,阀芯,扫码枪,
传感器,气缸,卡扣,
油阀,弹簧,节流阀,
过滤袋,工装,节流阀,
气缸,传感器线,节流阀,
反光板,工装,节流阀,
滑道感应器,焊头,节流阀,
滑道挡块,气缸,节流阀,
感应器,感应器,节流阀,
放大器,焊头,节流阀,
感应器,高压阀芯,节流阀,
滤网袋,接头,节流阀,
接触器,P4泵,节流阀,
工装,追踪器,节流阀,
消音器,接头,接头,
感应器,弹簧,节流阀,
液位计,四芯线,工装,
枪头,感应器,工装,
阀芯,光纤,工装,
阀套,反光板,夹爪,
感应器,皮带,夹爪,
工装,光纤,夹爪,
液位计,感应器,工装,
皮带,铜针,夹爪,
断路器,工装,电机,
调压阀,高压枪头,活塞杆,
感应器,阀芯,活塞杆,
枪头,铜针,活塞,
单向接头,追踪器头子,活塞,
感应器,工装,活塞,
工装,感应器,缓冲,
工装,感应器,缓冲,
感应器,减速机,焊接单元,
铆头,电机,焊接单元,
气压表,吸盘,工装,
气缸,阀芯,传感器,
焊头,连接头,传感器,
焊头,调压阀,传感器,
三芯线,调压阀,传感器,
开关,感应器,传感器,
三芯线,打码针,传感器,
打码针,高压枪头,传感器,
断路器,打码针,传感器,
真空发生器,red圆震变频器,焊接单元,
滑道感应器,堵头,焊接单元,
排油阀,高压枪头,工装,
限位开关,感应器,焊接单元,
滑道感应器,焊头,焊接单元,
雄克气缸,铜针,焊接单元,
工装,夹爪,过滤袋,
把手,感应器,线缆,
工装,传感器,传感器,
感应器,光纤传感器,工装,
吸头,铆头,工装,
感应器,托盘工装,工装,
灯泡,打码针,工装,
气缸,打码针,工装,
夹爪,夹爪,工装,
铁片,缓冲,工装,
气缸,高压泵,工装,
滑道感应器,铆头,工装,
触点,焊头,工装,
开关,传感器,工装,
反光板,缓冲,工装,
位移传感器,缓冲,枪头,
滑道传感器,传感器,枪头,
阀芯,BUS接头,高压枪头,
感应器,扭力枪,枪头,
感应器,MOBY传感器,高压枪头,
枪头,弹簧,高压枪头,
感应器,打油电机,,
电缸,工装,高压连接头,
电磁阀,传感器,高压阀芯,
力传感器,高压气管,高压阀芯,
扫码枪,枪头,高压阀芯,
冷凝机,传感器,高压阀芯,
卡爪,阀芯,高压阀芯,
传感器,铜针,高压阀芯,
缓冲,枪杆,高压阀芯,
缓冲,平衡吊,高压阀芯,
尼龙帽,气缸,高压阀芯,
皮带,卡爪,高压阀芯,
工装,感应器,高压阀芯,
冷却水泵,枪头,高压阀芯,
密封圈,传感器,高压阀芯,
轴承,轴承,高压阀芯,
感应器,工装,调压阀,
套管,铜针,调压阀,
力传感器,吸头,工装,
PILz模块,高压气管,工装,
轴承,高压枪头,按钮,
铆头,阀芯,电机,
阀套,感应器,气缸,
工装,感应器,气缸,
吸头,三芯线,反光板,
缓冲,感应器,反光板,
夹爪,气缸,阀座,
感应器,工装,传感器,
感应器,弹簧,焊接单元,
气缸,工装,焊接单元,
传感器,平衡吊,焊接单元,
滑道传感器,限位开关,焊接单元,
高压气管,三芯线,焊接单元,
感应器,二芯线,工装,
弹簧,真空发生器,销子,
骨架油封,高压泵,工装,
连接线,位移传感器,工装,
继电器,感应器,工装,
感应器,工装,工装,
模块,排油阀,阀,
吸头,工装,电机,
吸头,Festo万象接头,线缆,
阀片,皮带,电机,
气压表,U型传感器,电磁阀,
高压气管,皮带,电磁阀,
焊头,阀芯,电磁阀,
接头,夹爪,阀,
皮带安装塑料板,感应块,挡停,
焊头,焊头,气缸,
铆头,套筒,挡停,
气缸,弹簧,挡停,
工装,灯泡,挡停,
缓冲,感应器,挡停,
铆刀,感应器,挡停,
打油电机,缓冲,挡停,
夹爪,卡爪,挡停,
打油电机,固态继电器,挡停,
打油电机,感应器,挡停,
真空过滤器,感应器,挡停,
定位销,气缸,挡停,
气缸,感应器,弹簧,
传感器,SMC电缸控制器,弹簧,
卡爪,SMC电缸控制器,弹簧,
阀,焊头,弹簧,
分离器,拔销,弹簧,
分离器,气动杆,工装,
阀芯,脚踏开关,工装,
减速机,位移传感器,打油阀,
电机,安全继电器,打油阀,
缓冲,缓冲器,打油阀,
工装,夹爪,打油阀,
感应器,气缸,线圈,
工装密封圈,安全门锁,打码针,
位移,传感器,镜片,
感应器,电源模块,继电器,
焊头,电池,传送带,
气缸,焊头,传送带,
气缸,焊头,线缆,
阀芯,复位按钮,传感器,
固定销,滑道感应器,传感器,
轴承,焊头,传感器,
挡停气缸,扭力枪气缸,传感器,
轴承,工装,传感器,
阀芯,接头,传感器,
工装,皮带,传感器,
工装,支架,传感器,
感应器,模块,传感器,
BUS接头,感应器,传感器,
插销,把手螺丝,传感器,
电磁阀,镜片,传感器,
阀芯,套筒,传感器,
MOBY感应器,传感器,传感器,
调压阀,pilz模块,传感器,
尼龙工装,铆头,触点,
滑道感应器,震动马达,触点,
堵头,焊头,齿轮箱,
缓冲限位,焊头,,
皮带,感应器,工装,
阀芯,焊接单元,工装,
阀套,传感器,保险丝,
单向阀连接头,工装,拔销,
铜针,工装,拔销,
雄克传感器,焊头,拔销,
雄克传感器,扭力枪,传感器,
力传感器,调压阀,传感器,
感应器,感应器,气缸,
气缸,感应器,传感器,
扭力枪杆,冷却单元,传感器,
CPU,阀芯,线缆,
调压阀,ASCO阀 配气块,MOBY,
油针,阀岛,传感器,
感应器,连接线,MOBY,
铜针,轴承,MOBY,
复位按钮,harting接头,MOBY,
三芯线,harting接头,传感器,
IPC,感应器,传感器,
工装,焊头,电缸,
滑轨轴承,铆头,传感器,
铜针,焊头,传感器,
铜针,卡爪,传感器,
电源模块,铜针,传感器,
对射传感器,水泵,传感器,
传感器,阀套,模块,
油针,工装,传感器,
连接头,工装,电源模块,
高压气管,传感器,皮带,
三芯线,传感器,弹簧,
电机,气缸,轴承,
BUS接头,阀座,继电器,
灯泡,油压表,轴承,
挡停气缸,空气弹簧,振动控制器,
气压表,小皮带,真空发生器,
连接头,感应器,泵,
感应器,工装,线缆,
工装,三芯线,焊接单元,
压力表,工装,焊接单元,
传感器,工装,噪音机,
四芯线,感应器,工装,
枪套,T型块,接头,
枪杆,销子,销子,
打油阀,销子,阀,
缓冲限位,打码针,阀,
风扇,接头,阀,
四芯线,反光板,阀,
工装,感应器,阀,
工装,传感器,阀,
感应器,接头,阀,
焊头,工装,阀,
工装,铜针,阀,
感应器,铜针,阀,
吸嘴,铜针,阀,
吸嘴,油针,阀,
连接头,安全门锁,阀,
吸嘴,铜针,阀,
感应器,铜针,吸盘,
三芯线,焊头,工装,
力传感器,铆头,吸盘,
连接头,铆头,吸盘,
铆头,焊头,吸盘,
枪套,铆头,工装,
枪管,传感器,工装,
感应器,传感器,工装,
感应器,轴承,工装,
工装,接触器,工装,
感应器,喷淋头,传感器,
模块,转接头,传感器,
感应器,感应器,工装,
小气缸,感应器,工装,
复位按钮,感应器,工装,
铜针,铆头,工装,
气缸刹车,感应器,探针,
挡停气缸,高压枪头,探针,
打油电机,气缸,探针,
P4泵,枪头,探针,
继电器,微动开关,探针,
辅助触点,滑道传感器,探针,
枪头,工装,工装,
滑道感应器,同步带,工装,
铆头,油针,开关,
铆头,夹爪,工装,
焊头,吸嘴,气缸,
焊头,工装,刹车,
弹簧,焊头,线缆,
铜针,高压阀芯,工装,
铜针,工装,枪头,
铜针,雄克气缸,工装,
工装顶丝,气囊,气压表,
辅助触点,焊头,气压表,
感应器,感应器,气压表,
阀片,气缸,气囊,
振动马达控制器,阀芯,传感器,
接触器,阀座,气缸,
传感器,阀芯,气缸,
皮带,力传感器,气缸,
力传感器,感应器,气缸,
感应器,微动开关,气缸,
高压气管,调速器,气缸,
IPC,油阀,气缸,
铆刀,工装,气缸,
滑道,工装,气缸,
五联件,电磁阀线,气缸,
打油电机,四芯线,气缸,
滑轨,压力表,气缸,
电源适配器,铜针,气缸,
铜针,缓冲,气缸,
工装,油压表,气缸,
反光板,感应器,气缸,
液位计,调压阀,气缸,
驱动器,工装,气缸,
工装,气缸,气缸,
感应器,焊头,气缸,
感应器,焊头,气缸,
P4泵,铜针,气缸,
P4泵,皮带,气缸,
传感器,挡停,气缸,
液位计,枪头,气缸,
焊头,枪杆,气缸,
铜针,枪头,气缸,
卡扣,枪杆,气缸,
传感器,反光板,气缸,
传感器,焊头,气缸,
液位计,铆头,气缸,
感应器,维修包,气缸,
感应器,感应器,气缸,
电池,感应器,气缸,
电池,中继,工装,
12V电源,皮带,,
断路器,轴承,皮带,
继电器,轴承,皮带,
压力表,轮子,皮带,
工装,轴,皮带,
气缸,限位开关,皮带,
感应器,限位开关,皮带,
工装,三色灯,皮带,
工装,皮带,皮带,
油压阀,震动片,气缸,
铆刀,高压气管,气缸,
位移,感应器,传感器,
密封圈,对射感应器,工装,
传感器,感应器,工装,
高压枪头,感应器,工装,
光纤感应器,干电池,工装,
感应器,打码针,模块,
滑道感应器,保险丝,密封圈,
工装,气缸感应器,铆头,
工装,力传感器,铆头,
振板,调压阀,铆刀,
工装,压力表,铆刀,
位移传感器,感应器,工装,
光纤传感器,感应器,接头,
雄克气缸,感应器,接头,
感应器线,连接头,接头,
Moby感应器,枪头,工装,
弹簧,枪杆,电机,
工装,锁码气缸,传感器,
吸头,感应器,镜片,
v型槽底座,感应器,控制器,
传感器,插销,控制器,
气缸,挡停气缸,控制器,
夹爪,传感器,卡扣,
打码针,把手,卡扣,
传感器,枪头,卡扣,
感应器,继电器,阀,
铆头,微动开关,节流阀,
焊头,平衡吊,阀,
电磁阀线,感应器,阀,
气缸,位移传感器,阀,
电源,铆刀,阀,
焊头,缓冲,阀,
感应器,感应器,阀,
保险丝,缓冲,接头,
连接线,焊头,继电器,
打油电机,扭矩传感器,继电器,
感应器,缓冲,开关,
焊头,打码针,工装,
铆头,弹簧,工装,
焊头,卡扣,夹爪,
铜针,传感器,夹爪,
铜针,吸头,安全门锁,
接头,打油针,真空压力表,
阀芯,工装,缓冲,
安全阀,油针,缓冲,
阀套,马达,缓冲,
铜针,超声波控制器,滑块,
固定销,感应器,滑块,
光纤传感器,阀芯,滑轨,
工装,焊头,传感器,
传感器,扫码镜片,焊接单元,
传感器,感应器,焊接单元,
感应器,焊头,焊接单元,
滑道感应器,接头,焊接单元,
感应器,铆刀,焊接单元,
挡停气缸,夹爪,焊接单元,
传感器,焊头,焊接单元,
接触器,打油电机,焊接单元,
接触器,感应器,焊接单元,
泵,感应器,焊接单元,
工装,缓冲,焊接单元,
工装,减速箱,过滤器,
套筒,阀芯,过滤器,
工装,气缸,过滤器,
传感器,通电工装,传感器,
调压阀,调压阀,传感器,
电磁阀,感应器,工装,
气动阀,气压表,工装,
压力表,滑道感应器,工装,
灯泡,气缸,工装,
阀芯,动力线,工装,
连接头,感应器,工装,
工装,U型传感器,工装,
工装,液压杆,工装,
枪头,阀芯,工装,
枪杆,阀芯,工装,
高压气管,感应器,工装,
传感器,感应器,工装,
传感器,感应器,工装,
传感器,电磁阀线,工装,
缓冲器,高压气管,工装,
接头,气压表,工装,
枪杆,工装,工装,
传感器,阀座,工装,
传送带,阀芯,工装,
套筒工装,IPC,工装,
感应器,传感器,工装,
工装,吸头,工装,
BK3120模块,反光板,工装,
工装,焊头,工装,
电磁阀,夹爪,接头,
把手,夹爪,高压枪头,
感应器,夹爪,高压枪头,
PILz模块,扭矩传感器,枪头,
气缸,气缸,枪头,
压力表,枪杆,高压枪头,
Moby感应器,焊头,枪头,
打码枪,挡停气缸,,
感应器,扭力枪,高压软管,
工装,感应器,高压阀芯,
感应器,轴承,高压阀芯,
阀芯,轮子,高压阀芯,
连接头,轴承,高压阀芯,
阀芯,长轴,高压阀芯,
阀套,法兰,高压阀芯,
工装,套管,高压阀芯,
焊头,Pilz安全继电器,高压阀芯,
感应器,阀芯,高压阀芯,
枪杆,读码器,高压阀芯,
卡扣,传感器,高压阀芯,
夹爪,传感器,高压阀芯,
接头,焊头,高压阀芯,
感应器,对射感应器放大器,高压阀芯,
感应器,打码针,高压阀芯,
调压阀,感应器,高压阀芯,
夹爪,气囊,高压阀芯,
气缸,铆头,反光板,
焊头,焊头,反光板,
铆头,接头,阀座,
焊头,单向接头,阀套,
铆头,中继,阀片,
焊头,中继,阀,
铆头,阀芯,焊接单元,
铆头,电磁阀,焊接单元,
夹爪,感应器,焊接单元,
夹爪,灯泡感应器,阀,
高压气管,铆头,工装,
高压气管,联轴器,工装,
气缸,感应器,顶丝,
测油壶工装,感应器,工装,
滑道感应器,焊头,顶杆,
拉销,气缸,工装,
焊头,限位开关,工装,
真空阀,感应器,电源模块,
雄克气缸,气缸,电源模块,
传感器,三芯线,电机,
同步带,消声器,电机,
同步带,限位开关,线缆,
打码针,挡停,工装,
感应器,弹簧,气缸,
驱动器,感应器,气缸,
夹爪,感应器,气缸,
卡爪,轮子,挡停,
气缸,长轴,气缸,
气缸,法兰,气缸,
光纤传感器,测油壶工装,挡停,
气缸,拔销,弹簧,
传感器,焊头,接头,
感应器,卡爪,单向阀,
夹爪,焊头,打油阀,
气缸,工装,阀,
气缸,气缸,打油阀,
四芯线,夹爪,打油阀,
三芯线,雄克直线电机,电机,
三芯线,工装,工装,
枪杆,调压阀,皮带,
枪套,压力表,传感器,
枪套,铜针,传感器,
油雾器,铜针,传感器,
堵头,导向工装,传感器,
PILz感应块,焊头,传感器,
托盘工装,打码针,传感器,
托盘工装,吸头,传感器,
托盘工装,枪套,传感器,
托盘工装,感应器,传感器,
铜针,感应器,传感器,
皮带,Moby感应器,传感器,
尼龙工装,固定块,传感器,
皮带,Moby感应器,传感器,
气缸,限位缓冲,传感器,
工装,卡扣,传感器,
枪杆,传感器,传感器,
按钮盒,焊头,传感器,
感应器,pilz感应块,传感器,
Moby感应器,感应器,传感器,
阀芯,感应器,传感器,
控制器,焊头,传感器,
MOBY感应器,吸头,传感器,
吸嘴,轴承,传感器,
感应器,滑轨轴承,传感器,
万向头,阀芯,传感器,
传感器,风扇,传感器,
传感器,Moby感应器,传感器,
把手,销子,传感器,
传感器,吸头,传感器,
感应器,吸头,传感器,
焊头,传感器,传感器,
皮带,感应器,传感器,
吸嘴,吸头,传感器,
电机,工装,触点,
夹爪,工装,齿轮箱,
焊头,工装,齿轮箱,
滚轮,滑道传感器,销子,
短轴,气缸,工装,
轴承,气缸,保险丝,
感应器,BUS接头,,
打码针,bus中继,工装,
焊头,电源,阀,
铆头,连接头,阀,
夹爪,感应器,气缸,
铜针,工装,气缸,
夹爪,焊头,电缸,
连接头,工装,传感器,
工装,卡爪,传感器,
传感器线,缓冲,传感器,
滑道感应器,高压气管,传感器,
轴承,卡爪,传感器,
铆头,铜针,模块,
尼龙工装,铜套,泵,
尼龙工装,挡停,传感器,
工装,套筒,传感器,
感应器,铜针,传感器,
把手,感应器,气缸,
工装,感应器,传感器,
压力表,三芯线,传感器,
吊环,感应器,传感器,
调压阀,感应器,传感器,
三芯线,感应器,销子,
感应器,打码针,工装,
感应器,消音器,工装,
感应器,弹簧,调压阀,
铆刀,缓冲器,工装,
工装,三芯线,传感器,
滑道感应器,气缸,旋转电机,
传感器,气缸,传感器,
MGU检测仪,卡扣,烘箱丝杆,
工装,阀芯,电机,
工装,气缸,气缸,
工装,ASM套管,气缸,
夹爪,气缸,气缸,
焊头,气缸连接杆,气缸,
滑道感应器,气缸,气缸,
枪头,打码针,传感器,
滑道感应器,针套,气缸,
铆头,雄克旋转气缸,高压调压阀,
感应器,工装,电缸,
SMC气缸,工装,旋转电缸,
感应器,轴,气缸,
模块,气缸,气缸,
工装,感应器,气缸,
限位开关,感应器,气缸,
密封圈,喷油针头,气缸,
三芯线,工装,气缸,
感应器,焊头,气缸,
感应器,铜针,打油阀,
万象头,复位按钮,传感器,
感应器,对射感应器,电缸,
焊头,挡停,真空发生器,
铆头,工装,模块,
铜针,枪头,模块,
铜针,焊头,安全门锁,
焊头,BUS接头,工装,
时间继电器,接头,泵,
温度感应器,枪头,传感器,
吸头,夹爪,节流阀,
感应器,销子,Harting,
定位销,按钮头子,过滤袋,
从动轮,焊头,过滤袋,
轴,感应器,过滤袋,
,工装,过滤袋,
卡箍,传感器,中间继电器,
C型阀片,高压气管,焊头,
油压传感器连接头,高压气管,传感器,
打油电机,高压阀芯,刷杆工装,
打油电机,连接头,夹爪,
感应器,焊头,夹爪,
焊头,打码针,焊头,
焊头,铆刀,气缸,
连接线,高压气管,传感器,
摇杆开关,焊头,传感器,
工装,缓冲,滑轨,
拉销,打码针,传感器,
阀芯,焊头,焊头,
气缸,模块,铰刀,
三芯线,三芯线,铆刀,
调速器,夹爪,传感器,
继电器,感应器,传感器,
尼龙顶杆（滑道）,三芯线,传感器,
感应器,电源模块,气缸,
铜针,套筒,传送带,
尼龙工装,气缸（上面的）,气缸,
皮带,气缸,气缸,
焊头,三芯线,枪头,
感应器,工装,枪杆,
工装,铆头,夹爪,
针脚,焊头,吸嘴,
感应块,焊头,焊头,
感应器,枪头,气缸,
三芯线,感应器,皮带,
气缸,油泵,拉拔销,
气缸,密封圈,水泵,
感应器,工装,夹爪,
铜针,打油工装,滤袋,
灯泡,打油工装,调速器,
灯罩,焊头,铜针,
工装,吸头,打印磁头,
P4泵,感应器,弹簧,
按钮盒子,油封,高压阀芯,
感应器,模块,铆头,
按钮,工装,刷杆,
铜针,连接头,消音器,
夹爪,焊头,夹爪,
工装,工装,传感器,
铜针,阀芯,枪杆,
模块,感应器,通电工装,
电机,工装,焊头,
皮带,焊头,高压球阀,
阀芯,焊头,滑块,
枪头,滑道感应器,三芯线,
枪头,雄克旋转气缸,高压阀芯,
三芯线,感应器,焊头,
气缸,挡停气缸,高压阀芯,
振动器,连接头,阀盖,
铜针,高压枪头,铜针,
连接头,打码针,传感器,
传感器,皮带,缓冲感应工装,
焊头,铆头,传感器,
焊头,弹簧,工装,
阀芯,高压气管,连接头,
压力表,铆头,吸嘴,
打油阀,弹簧,铜针,
感应器,气缸,铜针,
阀芯,高压气管,真空过滤器,
枪头,焊头,铆头,
感应器,铆头,滤袋,
适配器,高压阀芯,高压阀芯,
模块,感应器,高压阀芯,
过滤网,水泵,传感器,
过滤网,接触器,气缸,
工装,三芯线,吸头,
pliz模块,工装,吸头,
挡停气缸,工装,传感器,
反光板,加热块,节流阀,
感应器,油枪,活塞杆,
铆头,工装,气缸,
焊头,皮带,工装,
弹簧,气缸,夹密封圈气缸,
挡停气缸,电机,夹密封圈气缸,
滑道,橡胶皮,皮带,
滑道附件,工装,套筒,
滑道附件,滑道传感器,高压阀芯,
打油电机,气动弹簧,阀套,
轴承,滑道传感器,枪头,
轮子,工装,焊头,
挡停气缸,工装,套筒,
高压枪头,工装,过滤器,
焊头,工装,空气弹簧,
控制器,传感器,气缸,
皮带,铆刀,铜针,
铜针,焊头,密封圈,
四芯线,三芯线,阀座,
铜针,焊头,阀座,
铜针,连接头,焊头,
高压气管接头,枪头,皮带,
感应器,传感器,哈丁接头,
天车轮子,感应器,弹簧,
轴,阀片L,气缸,
油水分离器,阀片C,高压阀芯,
感应器,皮带,焊头,
防滑条,机械封,高压阀芯,
气缸,水泵,镜片,
气缸,焊头,高压阀芯,
卡爪,工装,电机控制器,
缓冲,吸头,电机控制器,
电镀烘箱风机电机,套筒,电机,
电机,铆刀,传感器,
三芯线,夹爪,定位销子,
保险丝,铆头,工装,
阀芯,铜针,套筒,
三菱电机,焊头,阀座,
保险丝,传送带,焊头,
工装,扫码枪线,铜针,
吸嘴,扫码枪,铜针,
吸嘴,驱动器,铜套,
反光板,气缸,传感器,
焊头,传感器,铜针,
枪头,铜针,高压阀芯,
枪头,铜针,滑轨,
铜针,连接线,焊头,
MOBY感应器,吸头,铜针,
夹爪气缸传感器,气缸,铜套,
焊头,感应器,大油壶工装,
卡爪,感应器,雄克气缸,
夹爪,吸头,夹爪,
工装,感应器,活塞,
接头,连接头,焊头,
挡停,接头,真空压力表,
皮带,工装,高压阀芯,
焊头,连接头,阀座,
铆头,雄克气缸,顶丝,
高压气管,水泵,顶丝,
滚轮,传感器,弹簧,
感应器,连接头,顶丝,
安全门锁,阀芯,气缓冲,
中间继电器,传感器,台阶销,
J型阀片,气缸,铜针,
气缸螺丝,转接头,电机,
四芯线,气缸,卡扣,
皮带,气缸,工装,
轴套,枪套,焊头,
扭力枪,枪杆,工装,
焊头,气缸,焊头,
P1泵,焊头,焊头,
工装,打码针,工装,
尼龙头,感应器,模块,
轮子,连接线,电瓶,
轴承,感应器,模块,
感应器,铜针,枪杆,
焊头,铜针,吸嘴,
传感器,焊头,焊头,
保险丝,铆针,缓冲,
阀片,铆刀,传感器,
阀芯,平面轴承,调压阀,
焊头,相机,焊头,
焊头,Moby感应器,高压阀芯,
滑道传感器,焊头,吸头,
WIKA,连接线,传感器,
工装,感应器,工装（夹爪）,
弹簧,缓冲,铜针,
针脚,连接头,连接头,
感应器,枪套,高压阀芯,
焊头,枪杆,高压枪头,
压力开关,阀线,高压枪头,
激光打码镜片,感应器,夹爪,
超声波控制器（返修件）,铆刀,小托盘,
电流测试仪,挡停,导向工装,
气缸,工装,导向工装,
油枪,力传感器,过滤器,
油针,振动器控制器,压块工装,
工装,传感器,圆销,
气缸,中继,气缸,
感应器,传感器,焊头,
感应器,工装,高压阀芯,
尼龙工装,滑道传感器,消音器,
电磁阀,镜片,铆刀,
位移,阀,定位套,
调压阀,铆刀,缓冲,
工装,铜针,铜针,
油压传感器,阀座,铜针,
传感器,气缸,焊头,
安全门锁,泵头,铆头,
传感器,高压阀芯,销套,
焊头,感应器,卡扣,
焊头,感应器,电磁阀插头,
感应器,高压枪头,高压阀芯,
打油电机,感应器,气控阀,
油压传感器,感应器,气缸,
尼龙头,换向阀,阀座,
传感器,皮带,把手,
阀芯,对射感应器,顶杆,
密封圈,滑道感应器,传感器,
阀芯,噪音机,磁条,
阀芯,传感器,焊头,
密封圈,测油壶工装,高压气管,
高压气管,顶头,电缸,
传感器,工装,弹簧,
尼龙工装,阀组,传感器,
焊头,夹爪,哈丁接头,
弹簧,扫码枪线,传感器,
夹爪,顶头工装,弹簧,
针脚,限位开关,电机,
螺丝,扭力枪线,传感器,
电磁阀,气缸,三芯线,
工装,消音器,工装,
密封圈,枪头,超声波发生器,
堵头,卡扣,高压阀芯,
气缸,打油电机,工装,
套筒工装,传感器,消音器,
枪头,气缸,高压阀芯,
MOBY感应器,传感器,阀座,
气压表,过滤袋,电磁阀,
气压表,高压阀芯,传感器,
焊头,气压表,弹簧,
焊头,电磁阀,气缸,
焊头,PILZ,夹爪,
夹爪,继电器,皮带,
铜针,保险丝,齿轮盒,
复位开关,模块,过滤器,
按钮,BK3120,气缸,
振动控制器,微动开关,传感器,
气缸,电源模块,中间继电器,
电磁阀,放大器,传感器,
线圈,阀芯,雄克气缸,
轴承,三芯线,压力开关,
焊头,感应器,枪头,
尼龙头,枪头,枪杆,
阀芯,枪杆,皮带,
连接头,工装,顶销,
工装,限位传感器,焊头,
铜针,打码机电源模块,传感器,
感应器,过滤器,传感器,
铆头,高压枪头,夹爪,
感应器,连接头,高压阀芯,
阀芯,光纤,高压阀芯,
阀套,CPU,工装,
工装,Moby感应器,高压枪头,
SOMMER气缸,感应器,导向头,
调压阀,BK3120电源模块,电机,
感应器,光纤传感器,铰刀,
电缸,传感器,连接头,
磁条,卡扣,顶头工装,
工装,焊头,导向工装,
harting母头,焊头,卡箍,
铜针,铆头,焊头,
皮带,焊头,高压气缸,
枪头,焊头,油嘴,
高压气管,皮带,缓冲,
感应器,塑料传动轴,调速器,
打码针,扭力枪（电机及变速箱）,气缸,
滑道传感器,夹爪,传感器,
焊头,夹爪,吸盘,
焊头,压力表,传感器,
压力传感器,三芯线,线缆,
阀芯,油针,线缆,
阀套,四芯线,传感器,
吸头,电机,气缸,
阀芯,磁条,气缸,
阀套,安全模块,气缸,
打码针,内窥镜灯泡,气缸,
工装,传感器线缆,气缸,
电机,传感器,扭力枪气缸,
感应器,枪头,扭力枪气缸,
感应器,吸头,扭力枪气缸（力士乐）,
阀套,焊头,扭力枪气缸,
阀芯,接头,传感器,
夹爪,感应器,传感器,
旋转电机,铆刀,风机,
感应器,电磁阀,传感器,
扭力枪头,感应器,电机,
夹爪气缸传感器,感应器,气缸,
皮带,压力表,气缸,
焊头,传感器,气缸,
定位销,传感器,减速箱,
雄克气缸,高压阀芯,真空压力表,
气缸,气缸,SMC网关,
工装,微动开关,电缸,
阀座,喷油枪,传感器,
高压枪头,打油阀,模块,
阀芯,阀套,模块,
高压气管,阀芯,模块,
焊头,感应器,气缸,
快速排气阀,调压阀,气缸,
铆头,焊头,气缸,
凸轮隔离开关,焊头,气缸,
控制器,皮带,模块,
震板,传感器,电源模块,
阀芯,打码针,工装,
铆头,模块,铆头,
焊头,阀,节流气管接头,
滑道感应器,Moby感应器,密封圈,
铆头,P4泵,模块,
焊头,微动开关,油针,
三芯 感应线,卡扣,滤袋,
MGU检测仪,挡停,传感器,
挡停气缸,传感器,工装,
保险丝,轴承,保险丝,
缓冲,轴承,焊头,
cpu,传感器,吸嘴,
滑道感应器,焊头,吸嘴,
传感器,铆头,枪杆,
感应器,传感器,高压阀芯,
焊头,减速机,气缸,
铆刀,控制器,滤芯,
感应器,焊头,传感器,
工装,传感器,活塞,
镜片,旋转电机,活塞杆,
气缸,气缸,菱形销,
真空发生器,阀芯,传感器,
铆刀,传感器,滤芯,
感应器,焊头,气压表,
皮带,焊头,打油阀,
气缸,铆头,工装,
限位开关,铜针,减速箱,
工装,气缸,焊头,
气缸,气缸,传感器,
感应器,打印机磁头,截至阀,
缓冲,接触器,电磁阀,
顶起旋转气缸,铜针,气缸,
阀芯,微动开关,工装,
气动球阀,传感器,真空发生器,
CPU315SN,滑道感应器,把手,
接触器,传感器,焊头,
感应器,传感器,跟踪器头子,
感应器,铆刀,铜垫,
尼龙夹爪,传感器,气缸,
工装,传感器,吸盘,
夹爪,顶头工装,吸盘,
灯泡,工装,卡扣,
对射感应器放大器,工装,直线电机编码器,
感应器,高压阀芯,轴承,
天车轮子,皮带,轴承,
轴承,缓冲,传感器,
天车轴K159-03-01,变速箱,固定块,
感应器,传感器,工装,
感应器,气缸,传感器,
测油壶工装,铆头,传感器,
铜针,铆头,平衡吊,
Harting接头,铆头,枪套,
缓冲限位,铆头,夹爪工装,
缓冲限位,焊头,铜针,
皮带,焊头,铜套,
感应器,焊头,工装,
皮带,夹爪,模块,
工装,卡扣,电机,
感应器,吸头,海尔曼超声波发生器,
铆刀,皮带,气缸,
铆刀,传感器,噪音机,
铆刀,传感器,弹簧,
位移传感器,丝杆,气缸,
磁条,皮带,气缸,
轴流风扇（含过滤网罩）,滚轮,气缸,
轴流风扇（含过滤网罩）,顶头工装,气缸,
感应器,工装,先导阀,
滑道感应器,感应器,节流阀,
电机,三芯线,先导阀,
橡胶皮膜,感应器,阀,
焊头,感应器,线缆,
气缸,阀盖,传感器,
夹爪,三芯线,传感器,
工装,感应器,工装,
轴承,锁码气缸夹爪,打印头,
接触器,夹爪,安全门传感器,
铜针,工装,基恩士摄像头,
四芯线,工装,工装,
气缸,微动开关,工装,
气缸,气缸,传感器,
感应器,工装,传感器,
真空泵,工装,接头,
滑道感应器,感应器,先导阀,
铆头,油针,高压阀芯,
工装,枪套,扭力枪,
反光板,导向工装,跟踪器,
传感器,焊头,气缸,
铜针,反光板,高压阀,
铆头,三芯线,阀座,
焊头,气缸,噪音机,
IPC V1屏幕,气缸,枪头,
焊头,拉销,工装,
开关,工装,气动枪,
感应器,感应器,高压阀芯,
感应器,高压气管,传感器,
过滤器,感应器,气缸,
吸嘴,气缸,皮带,
缓冲,感应器,传感器,
感应器,传感器,放大器,
感应器,电磁阀,传感器,
SMC电缸,油针,夹爪,
调压阀,铆刀,高压阀芯,
滑道感应器,焊头,焊头,
传感器,铜针,吸头,
气缸,扫码枪,焊头,
流量阀,感应器,高压阀芯,
调压阀,夹爪,阀座,
工装,harting接头,枪头,
焊头,harting接头,弹簧,
铜针,感应器,铜针,
感应器,微动开关,铜针,
油枪,打码机镜片,电机,
感应器,消音器,传感器,
弹簧,继电器,套筒,
消声器,感应器,压力开关,
电磁阀,风扇,夹爪,
三芯线,挡停,噪音机,
工装,感应器,先导阀,
接触器,反光板,节流阀,
铜针,高压枪头,气缸,
保险丝,感应器,弹簧,
电机,皮带,传感器,
焊头,压力开关,夹爪,
卡爪,传感器,接头,
铜针,弹簧,尼龙头,
工装,灯管,缓冲套套筒,
枪头,bus线,气缸,
感应器,夹爪,连接线,
托盘MOBY,感应器,挡块,
卡扣,工装,焊头,
接头,工装,铆头,
单向阀连接头,气缸,真空发生器,
感应器,连接头,弹簧,
感应器,套管,雄克气缸,
焊头,工装,传感器,
旋转气缸,三芯线,调压阀,
工装,测油壶工装,铜针,
镜片,测油壶工装,铜套,
阀芯,测油壶工装,气缸,
PILZ光幕安全继电器,测油壶工装,调压阀,
U型感应器,测油壶工装,基恩士传感器,
感应器,工装,节流阀,
枪杆,打油电机,传感器,
电磁阀,打油阀,工装,
铜针,缓冲,焊头,
焊头,滑道传感器,铆头,
工装,感应器,真空发生器,
阀芯,感应器,传感器,
阀套密封圈,卡爪,雄克气缸,
滑道感应器,工装,先导阀,
铜针,拔销,空气阀铜套,
阀芯,气压表,节流阀,
连接头,气压表,节流阀,
感应器,P4泵,气缸,
感应器,油压表,吸铁石,
感应器,挡停,夹爪,
电源,灯管,托盘工装,
四芯线,油压传感器,铆头,
四芯线,电源,雄克气缸,
铜针,阀芯,托盘工装,
夹爪,J型阀片,工装,
阀芯,焊头,线缆,
阀套,枪杆,传感器,
气缸,铆刀,工装,
气缸,Moby感应器,套管,
工装,工装,传感器,
MOBY感应器,卡爪,工装,
数显表,轴承,弹簧,
吸头,感应器,轴承,
气缸,气缸,轴承,
感应器,温度传感器,轴承,
气压表,真空表,轴承,
连接头,电机,继电器,
油针,传感器,继电器,
三芯线,枪头,振动单元,
螺丝,工装,真空发生器,
感应器,感应器,轮子,
镜头,工装,传感器,
反光板,感应器,工装,
中间继电器,moby,皮带,
感应器,连接头,皮带,
滑道感应器,感应器,传感器,
小灯罩,Moby传感器,传感器,
焊头,顶头工装,传感器,
工装,夹爪,气缸,
过滤器,尼龙棒,气缸,
卡箍,继电器,气缸,
感应器,辅助触点,气缸,
铆头,电源,气缸,
焊头,转接头,传感器,
夹爪,销子,传感器,
三芯接头,工装,消音器,
感应器,传感器,线缆,
高压阀芯,高压阀芯,开关,
真空过滤器,感应器,阀,
气水分离器,密封圈,阀,
感应器,机器人电机J4轴400w,阀,
焊头,减速器,阀,
夹爪,传感器,阀,
铆头,焊头,吸盘,
焊头,铜针,吸盘,
夹爪,夹爪,工装,
铜针,铆头,工装,
铜针,铜针,吸盘,
夹爪,滑道传感器,吸盘,
铆头,阀芯,吸盘,
感应器,传感器,吸盘,
高压气管,传感器,吸盘,
焊头,传感器,吸盘,
皮带,工装,吸盘,
SMC气缸,感应器,传感器,
焊头,工装,工装,
铆头,尼龙工装,工装,
高压气管,光纤传感器,工装,
感应器,扭矩传感器,工装,
工装,日光灯管,工装,
铜针,快速排气阀,工装,
气缸,枪头,探针,
油压传感器,夹爪工装,探针,
感应器,打码镜片,探针,
吊钩,联轴器,探针,
扭力枪杆,感应器,探针,
挑棒,压力表,探针,
打码针,跟踪器,工装,
示教面板,泵头,工装,
夹爪,三连件,探针,
模块,继电器,工装,
气压表,雄克气缸,工装,
吸嘴,焊头,工装,
吸嘴,先导,弹簧,
夹爪,铜针,工装,
长抓,开关,工装,
长抓,压力表,工装,
MOBY感应器,微动开关,传感器,
挡停,高压枪头,传感器,
弹簧,气缸,工装,
读码器,微动开关,线缆,
阀芯,感应器,线缆,
连接头,开关,泵,
连接头,气缸,线缆,
模块,调压阀,线缆,
工装,雄克气缸,线缆,
铜针,弹簧,枪头,
三芯线,气缸,工装,
气缸,铆头,气压表,
Harting接头,焊头,活塞杆,
Harting接头,ASM套管,活塞杆,
振动器,调压阀,活塞杆,
感应器,翻转气缸,活塞,
连接线,托盘工装,传感器,
高压枪头,三芯线,气缸,
连接头,保险丝,气缸,
焊头,harting气管接头,气缸,
焊头,托盘工装,气缸,
三芯线,驱动器电源,气缸,
接头,铜针,气缸,
传感器,滑道感应器,气缸,
平衡吊,moby,气缸,
铜针,光纤,气缸,
控制器,皮带,气缸,
相机线,传感器线,气缸,
感应器,传感器,轴承,
感应器,皮带,工装,
扫码枪,断路器,传送带,
焊头,接触器,传送带,
枪头,感应器,皮带,
气缸,感应器,皮带,
铆刀,工装,皮带,
对射感应器,铆刀,扭力枪头,
同步带,油压传感器,气缸,
感应器,zimmer气缸,气缸,
感应器,扫码相机,气缸,
工装,平衡吊,扭力枪头,
工装,吸头,传感器,
调压阀,传感器,工装,
气动枪,焊头,工装,
铜套,套管,工装,
铜针,卡扣,工装,
皮带,皮带,工装,
缓冲限位,皮带,线缆,
工装,消音器,密封圈,
工装,挡停,密封垫,
压力表,断路器,工装,
灯泡,划到感应器,工装,
进接开关头子,传感器,铆头,
轮子,工装,铆头,
连接头,翻转气缸小皮带,铆头,
三芯线,阀片,铆头,
工装,接触器,铆刀,
传感器,感应器,铆刀,
超声波控制器（返修件）朱晓东,气缸,铆刀,
阀套密封圈,套筒,工装,
阀芯,感应器,过滤器,
接触器,感应器,过滤器,
触点,夹爪,工装,
阀芯,微动开关,工装,
挡停气缸,阀芯,销子,
滑道传感器,夹爪,枪头,
阀盖,夹爪底板工装,驱动器,
焊头,工装,电缸,
滑道传感器,工装,传感器,
打码镜片,工装,镜片,
传感器,皮带,阀,
扭矩传感器,阀芯,过滤器,
气缸,拔销,节流阀,
气压表,滑道传感器,节流阀,
焊头,增压泵,节流阀,
卡爪,气缸,节流阀,
扭力枪电机,电瓶,节流阀,
吊环,感应器线,节流阀,
工装,感应器线,阀,
铜针,皮带,接头,
灯泡,皮带,工装,
打油电机,皮带,工装,
线,传送带滚轮,夹爪,
保险丝,感应器线,工装,
感应器,气缸,万向头,
枪头,铜针,传感器,
感应器,阀套,皮带,
感应器,阀芯,夹爪,
三芯公头,焊头,电机,
感应器,感应器,传感器,
感应器,三芯线,传感器,
滑道传感器,轴承,传感器,
连接头,铜针,传感器,
铜针,铜套,传感器,
铆头,铜针,传感器,
传感器,铜套,传感器,
传感器,高压阀芯,传感器,
阀芯,气囊,传感器,
气动阀,枪头,传感器,
枪头,高压气管,传感器,
阀芯,铜套,传感器,
工装,感应器,丝杆,
阀芯,焊头,焊接单元,
阀套密封圈,安全皮条,焊接单元,
接头,枪头,焊接单元,
焊头,,焊接单元,
焊头,高压枪头,焊接单元,
保险丝,枪套工装,焊接单元,
数显表,高压气管,焊接单元,
传感器,枪套工装,焊接单元,
工装,卡扣,焊接单元,
微动开关,感应器,焊接单元,
夹爪,枪杆,焊接单元,
气缸,气缸,焊接单元,
传感器,挡停,焊接单元,
传感器,滑道传感器,过滤器,
IPC V1屏幕,电磁阀,过滤器,
换向阀,感应器,过滤袋,
活塞气缸,枪头,传感器,
感应器,感应器,皮带,
感应器,焊头,工装,
连接线,打码机,工装,
感应器,三芯线,工装,
工装,感应器,工装,
气压表,焊头,工装,
焊头,夹爪,工装,
工装,铆头,工装,
焊头,铆头,工装,
三芯线,传送带,工装,
三芯线,工装,工装,
模块,定位销,工装,
U型感应器,Pilz模块,工装,
Pilz模块,MOBY放大器,工装,
气压表,接触器,工装,
挡停,传感器,开关,
铆头,传感器,高压枪头,
铜针,传感器线,高压枪头,
滑道传感器,密封圈,高压枪头,
连接线,感应器,高压枪头,
铜针,工装,过滤器,
气动枪,工装,高压阀芯,
工装,磁头,高压阀芯,
工装,感应器,高压阀芯,
工装,枪头,高压阀芯,
工装,工装,高压阀芯,
防滑条,夹爪,高压阀芯,
压力传感器,夹爪底座,反光板,
工装,气动枪,阀座,
四芯线,扭矩传感器,密封圈,
气缸,焊头,传感器,
气囊,感应器,工装,
感应器,油阀,工装,
工装,Moby杆子,工装,
万向头,P4泵,调压阀,
枪杆,感应器,皮带,
真空泵,平衡吊,线缆,
铆头,铜针,电磁阀,
夹爪,焊头,电磁阀,
托盘工装,微动开关,气缸,
夹爪,气缸,弹簧,
传感器,连接头,弹簧,
连接线,IO模块,节流阀,
套筒,连接头,单向阀,
同步带,阀芯,打油枪,
铜针,连接头,打油阀,
气缸,吸头,打油阀,
工装,高压枪头,打油阀,
工装,皮带,打油阀,
焊头,感应器,打码针套管,
焊头,脚动开关,打码针套管,
bus接头,微动开关,打码针,
感应器,弹簧,打码针,
传感器,夹爪,打码针,
夹爪,感应器,打码针,
气缸,bus模块,打码针,
阀套,阀芯,打码针,
连接头,焊头,打码针,
感应器,限位开关,电磁阀,
焊头,铆头,工装,
平衡吊,对射感应器,传感器,
感应器,铆头,电机,
高压气管,工装,电机,
铜针,感应器,传送带,
感应器,感应块工装,接头,
隔离开关,感应器,传感器,
气缸,工装,传感器,
感应器,驱动器,传感器,
感应器,继电器,传感器,
皮带,铆头,传感器,
皮带末端卡子,焊头,传感器,
工装,振动片,传感器,
滑道顶杆,调压阀,传感器,
焊头,压力表,传感器,
振动块,感应器,传感器,
打油阀,感应器,工装,
把手,感应器,工装,
套筒,弹簧,标签机打印头,
感应器,皮带,工装,
P4泵,吸头,气缸,
密封圈,吸头,气缸,
传感器,气缸,电缸,
焊头,皮带,传感器,
夹爪,缓冲,传感器,
吸盘,传感器,真空发生器,
接头,传感器,气缸,
阀芯,平衡吊,气缸,
吸头,枪头,气缸,
高压阀芯,微动开关,气缸,
感应器,感应器,电缸,
感应器,阀芯,电磁阀,
反光板,枪头,传感器,
感应器,单向接头,夹爪,
三芯线,传感器,传感器,
工装,销套,传感器,
密封圈,弹簧,传感器,
单向阀,BUS接头,传感器,
平衡吊,阀芯,皮带,
焊头,阀套,模块,
吸头,阀芯,气缸,
铜针,OM工装,气缸,
感应器,通电工装,气缸,
传感器,传感器线,气缸,
力传感器,焊头,气缸,
感应器,感应器,气缸,
枪头,高压枪头,气缸,
扭力枪,液压表,气缸,
电机,传感器,气缸,
感应器,气缸,传感器,
焊头,气缸,模块,
感应器,活塞杆,电缸,
扫码枪,活塞杆,模块,
气缸,P2泵,传感器,
保险丝,枪头,弹簧,
感应器,阀芯,接头,
感应器,阀套,轴承,
感应器,工装,轴承,
气缸,传感器,轴承,
尼龙棒,焊头,轴承,
传感器,微动开关,轴承,
枪头,传感器,轴承,
传感器,复位开关,继电器,
焊头,连接头,电机,
皮带,感应器,真空压力表,
缓冲,smc电缸,真空发生器,
铆头,连接头,噪音机,
焊头,气缸,噪音机,
皮带,工装,振动单元,
皮膜,200bar调压阀,工装,
感应器,阀芯,过滤器,
感应器,传感器,传感器,
油压表,测量高度工装头,过滤器,
气缸,三芯线,油缸,
真空表,工装,传感器,
卡扣,枪头,气缸,
感应器,高压阀芯,传感器,
H型阀片,活塞杆,传感器,
气缸,扭力枪控制器,传感器,
工装,U型传感器,线缆,
缓冲,温度传感器,阀,
调压阀,铜针,阀,
气缸,感应器,阀,
感应器,活塞工装底座,阀,
铜针,感应器,阀,
感应器,气动弹簧,阀,
焊头,变频器,吸盘,
气缸,夹爪皮条,工装,
气缸 ,铜针,吸盘,
夹爪,铜针,,
气缸,工装,吸盘,
感应器,三芯线,模块,
传感器,真空阀,万向头,
铆头,传感器,万向头,
皮带,气缸,托盘,
工装,铜针,托盘,
枪套,铜针,Harting,
继电器,阀片,Harting,
辅助触点,传感器,探针,
限位开关,基恩士相机,工装,
传感器,感应器,探针,
传感器,铆头,探针,
气缸,焊头 ,探针,
插板工装,铆头,工装,
气压表,工装,探针,
感应器,工装,探针,
气缸,连接头,探针,
铜针,高压枪头,工装,
铜针,调压阀,工装,
焊头,感应器线,工装,
阀芯,传感器,工装,
真空发生器,长轴,工装,
平衡吊,轮盘,工装,
工装,轴承,工装,
铜针,法兰,工装,
四芯线,皮带,工装,
传感器,电机,工装,
工装,滑倒传感器,工装,
工装,传感器,工装,
工装,传感器线,传感器,
感应器,传感器,传感器,
插销,卡爪,气缸,
焊头,焊头,线缆,
焊头,工装,工装,
滑道感应器,工装,工装,
缓冲,工装,扫码枪,
工装,工装,扫码枪,
感应器,工装,扫码枪,
焊头,调压阀,线缆,
吸头,压力表,线缆,
铆头,电磁阀,线缆,
卡爪,高压枪头,线缆,
气缸,气管,五联件,
感应器,反光板,驱动器,
铜针,BUS接头,枪头,
滑道感应器,感应器,工装,
滑道感应器,卡爪,工装,
工装,焊头 ,工装,
工装,焊头 ,工装,
工装,焊头 ,工装,
铆头,工装,枪头,
气压表,气控阀,缓冲,
阀芯,消音器,Harting,
滑道感应器,消音器,接头,
气缸,铜针,气缸,
阀芯,皮带,气缸,
夹爪,工装,气缸,
感应器,高压枪头,气缸,
感应器,超声波控制器,气缸,
吸头,按钮,气缸,
电机,吸头,气缸,
三芯线,小油针,气缸,
铜针,大油针,气缸,
MOBY,卡箍,皮带,
SMC气缸,镭射镜片,皮带,
吸头,阀芯,接头,
焊头,皮带,气缸,
过滤袋,阀芯,气缸,
感应器,气缸,扭力枪,
感应器,气缸传感器,传感器,
固态继电器,传感器,工装,
光纤,压力监测表,工装,
感应器,焊头,工装,
感应器,焊头,线缆,
感应器,铆头,铆头,
U型感应器,枪头,铆头,
枪套,阀芯,铆刀,
真空表,连接头,铆刀,
感应器,快速排气阀,,
夹爪,传感器,联轴器,
气动枪,焊头,联轴器,
传感器,焊头,线缆,
卡扣,夹爪,工装,
焊头,铆头,电机,
焊头,传感器,电机,
感应器,高压气管,卡扣,
四芯线,电缸,节流阀,
变频器,焊头,节流阀,
铜针,传感器线,节流阀,
吸头,小托盘,节流阀,
工装,小气缸,节流阀,
感应器,感应器,节流阀,
气缸,感应器,节流阀,
电机,感应器,节流阀,
感应器,枪头,节流阀,
铆头,铜针,控制器,
焊头,拉手柄,继电器,
压力开关,气压表,开关,
位移,皮带,铰刀,
吸盘,Moby传感器,工装,
测电流工装,通电工装头套,夹爪,
通电工装,连接头,夹爪,
三芯线,相机,夹爪,
三芯接头,连接头,继电器,
感应器,工装,夹爪,
气缸,ATEQ,工装,
焊头,控制器,活塞杆,
感应器,感应器,缓冲限位,
光纤传感器,连接头,缓冲,
传感器,高压枪头,滑轨,
附件,焊头,滑轨,
气缸,微动开关,传感器,
吸嘴,滑道感应器,气缸,
对射传感器,感应器,焊接单元,
吸嘴,感应器,焊接单元,
传感器,模块,焊接单元,
J型阀片,感应器,焊接单元,
Harting卡扣,MOBY,焊接单元,
感应器,流量计,焊接单元,
感应器,感应器,焊接单元,
感应器,感应器,焊接单元,
先导阀,灯泡,焊接单元,
三芯母头,传感器,过滤器,
三芯线,连接头,过滤器,
感应器,铆头,工装,
感应器,焊头,工装,
保险丝,打码针,工装,
感应器,感应器,工装,
按钮盒,气缸,顶丝,
吸头,电机,工装,
铜针,传感器,工装,
铜针,卡爪,工装,
工装,滑道感应器,工装,
气缸,滑道感应器,高压枪头,
焊头,三芯线,高压枪头,
扭力枪杆,传感器,高压枪头,
皮带,铆头,高压枪头,
电缸,焊头,枪头,
电缸,铜针,工装,
电磁阀,铆头,高压阀芯,
焊头,铜针,高压阀芯,
感应器,铜针,高压阀芯,
感应器,卡箍,高压阀芯,
轴承,高压枪头,高压阀芯,
感应器,高压气管,高压阀芯,
高压阀芯,打码镜片,高压阀芯,
轴承,传感器,高压阀芯,
皮带,传感器,反光板,
轴承,铜针,反光板,
铆头,阀芯,阀座,
铆头,焊头,阀座,
焊头,三芯线,阀座,
夹爪,铜套,阀套,
感应器,工装,工装,
位移传感器,moby感应器,阀,
气压表,比例阀,模块,
焊头,工装,电机,
缓冲,夹爪,电缸,
镜片,气缸,电磁阀,
BUS接头,感应器,轴承,
传感器,三芯线,气缸,
堵头,三芯线,气缸,
打油电机,高压枪头,气缸,
感应器,22口径ASM套管,气缸,
挡停气缸,工装,气缸,
工装,工装,气缸,
感应器,气缸,工装,
感应器线,低压阀芯,打码针,
铜针,传感器,电机,
铜套,焊头,传感器,
焊头,传感器,传感器,
滑道感应器,滑道传感器,传感器,
挡停气缸,传送带,传感器,
感应器,高压阀芯,传感器,
感应器,三芯线,传感器,
工装,安全阀,传感器,
感应器,皮带,传感器,
感应器,夹爪,传感器,
接头,工装,传感器,
阀芯,焊头,传感器,
感应器,开关,传感器,
焊头,铜针,传感器,
焊头,夹爪,传感器,
打油电机,铆头,传感器,
感应器,减速箱,传感器,
雄克气缸,传送带滚轮,传感器,
内窥镜灯泡,同步带,传感器,
感应器,高压气管,传感器,
位移,SMC气缸,传感器,
感应器,滑轨,传感器,
模块,比例阀,传感器,
工装,低压阀芯,传感器,
工装,工装,传感器,
工装,气缸,传感器,
打码针,滑块,触点,
光幕控制器,气缸,泵,
传感器,连接头,标签机打印头,
传感器,C型阀片,线缆,
滑道感应器,SMC气缸,保险丝,
铆头,皮带,保险丝,
皮带,感应器,保险丝,
压力传感器,工装,拔销,
放大器,工装,拔销,
放大器,阀片,拔销,
铜针,铆刀,拔销,
焊头,电机,传感器,
铜针,缓冲,传感器,
喷嘴,高压阀芯,传感器,
密封圈,升降电缸,安全继电器,
高压阀芯,夹爪,线缆,
密封圈,铜针,电机,
配气块,感应器,气缸,
滑道传感器,SMC传感器,传感器,
滑道传感器,高压阀芯,模块,
焊头,单向阀,泵,
焊头,铜针,工装,
吸头工装,焊头,传感器,
销子,铜针,线缆,
夹爪,焊头,法兰,
液位计,卡爪,气缸,
气缸,铆头,气缸,
快速接头,焊头,气缸,
Pilz继电器,打码针,气缸,
接触器,高压阀芯,节流阀,
枪套,传感器,传感器,
枪杆,传感器,传感器,
打码针,三芯线,接头,
传感器,传感器,接头,
卡箍,传感器,轴承,
气动弹簧,传感器,轴承,
铜套,传感器,轴承,
气缸,位移,轴承,
套筒,焊头,电磁阀,
夹爪,轴承,真空发生器,
感应器,轴承,真空发生器,
连接头,同步带,真空发生器,
控制器,气缸感应器固定卡扣,真空发生器,
阀块,测油壶工装,真空发生器,
枪头,三芯线,,
高压阀芯,气缸,噪音机,
感应器,吸头,密封垫,
感应器,轴承,,
感应器,铆头,传感器,
气缸,阀片,模块,
感应器,真空泵,线缆,
感应器,驱动卡,传感器,
感应器,托盘工装,气缸,
工装,真空发生器,销子,
套筒,弹簧,拔销,
气压表,吸头,消音器,
吸头,焊头,消音器,
感应器,感应器,线缆,
焊头,铜针,线缆,
铜针,感应器,开关,
模块,工装,传感器,
雄克气缸,感应器,阀,
传感器,四芯线,阀,
万向头,编码器线,阀,
雄克气缸,工装,阀,
夹爪,MOBY控制器,阀,
气缸,工装,阀,
铆头,活塞杆,阀,
焊头,气缸,阀,
连接线,连接头,阀,
反光板,插销工装,阀,
阀芯,圆盘工装,吸盘,
平衡吊,滑轨,吸盘,
BUS接头,高压阀芯,吸盘,
夹爪,高压阀芯,吸盘,
铜针,高压气管接头,吸盘,
对射感应器,焊头,吸盘,
保险丝,铆刀,吸盘,
机器人线,连接头,模块,
BK3120模块,工装,传感器,
安全门把手,中继,万向头,
安全门插头,圆盘工装,工装,
传感器,定位销,工装,
传感器,反光板,顶丝,
连接头,气缸,传感器,
气缸,传感器,传感器,
夹爪,气动枪,探针,
枪杆,连接头,探针,
焊头,感应器,探针,
三芯线,气缸感应器固定卡扣,探针,
感应器,真空发生器,探针,
开关,气压表,工装,
丝杆铜螺母,两芯线,工装,
感应器,焊头 ,工装,
连接头,滑道感应器,工装,
油压表,气缸,工装,
工装,工装,轮子,
皮带,尼龙工装,工装,
缓冲,工装,工装,
过滤袋,M型阀片,工装,
相机连接线,空阀片,传感器,
枪头,加油工装钢丝,气缸,
扫码枪,感应器,线缆,
铜针,滑道感应器,继电器,
焊头,高压阀芯,线缆,
传感器,振动块,线缆,
连接头,气缸,驱动器,
高压阀芯,铜针,气缸,
气压表,滑轨,气缸,
气压表,销子,气缸,
ASM套管,比例阀,气缸,
铆头,铆头,气缸,
感应器,挡停,气缸,
熔丝,感应器,气缸,
灯泡,高压枪头,气缸,
铜针,开关,气缸,
扫码枪,感应器,气缸,
工装,焊头,气缸,
工装,气缸,气缸,
传感器,基恩士扫码枪,气缸,
三芯线,工装 ,气缸,
快速排气阀,卡箍,气缸,
感应器插块连接线,皮带,气缸,
扫码枪连接线,滚轮,气缸,
扫码枪,焊头,气缸,
焊头,焊头,皮带,
pilz感应块,铆头,传送带,
铜针,感应器,皮带,
三芯线,短轴,皮带,
气压表,轮子,皮带,
高压vika,滑道传感器,皮带,
挡停气缸,感应器,线缆,
阀片,夹爪工装,工装,
三芯线,丝缸,密封圈,
感应器,打油顶针工装,密封垫,
铜针,底座工装,铆头,
卡扣,高压枪头,铆头,
气缸,微动开关,铆头,
U型感应器,感应器,焊接单元,
打码枪,焊头,铆头,
铜针,感应器,铆头,
高压阀芯,轴承,铆刀,
卡爪,气缸,过滤器,
连接线,滑道传感器,工装,
快速排气阀,传感器,联轴器,
过滤袋,工装,接头,
卡箍,铜针,高压连接头,
枪头固定工装,压力传感器,螺丝,
枪头固定工装,气缸,工装,
铆刀,平衡吊,传感器,
感应器,橡胶圈,工装,
感应器,按钮盒,阀,
安全模块,缓冲,阀,
感应器,滑道传感器,焊接单元,
焊头,传感器,节流阀,
夹爪,传感器,节流阀,
焊头,传感器,节流阀,
托盘工装,保险丝,阀,
高压阀芯,三芯线,节流阀,
M型阀片,三芯线,接头,
M型阀片,J型阀片,继电器,
焊头,工装,工装,
焊头,铆头,工装,
铆头,焊头,工装,
铆头,增压泵,工装,
气缸,位移,工装,
挡停气缸,限位开关,工装,
铜针,焊头,夹爪,
感应器,按钮头子,夹爪,
感应器,按钮触点,夹爪,
感应器,接触器,夹爪,
感应器,传感器,继电器,
工装,四芯线,扫码枪,
气缸,灯泡,扫码枪,
电机,枪头,线缆,
KL5101模块,链杆,电磁阀,
阻尼,压力表,缓冲,
高压阀芯,感应器,缓冲,
连接头,感应器,缓冲,
感应器,吸头,缓冲,
铜针,吸头,缓冲,
平衡吊,吸尘器,缓冲,
滑道感应器,翻转气缸,滑块,
风叶,跟踪器,焊接单元,
感应器,安全门锁,焊接单元,
感应器,工装,焊接单元,
枪头,Harting接头,焊接单元,
跟踪器头子,过滤器,焊接单元,
限位开关,气控阀,焊接单元,
夹爪,感应器,Harting,
气缸,编码器线,放大器,
三芯线,工装,,
传感器,夹爪,传感器,
感应器,噪音机,工装,
感应器,焊头,工装,
气缸,铜针,工装,
铜针,高压气管,工装,
铆刀,电磁阀线,工装,
感应器,真空阀,工装,
铜针,感应器,枪头,
继电器,电磁阀,高压阀芯,
阀芯,微动开关,高压阀芯,
阀套,铜针,高压阀芯,
吸头,滑道传感器,高压阀芯,
三芯线,灯泡,高压阀芯,
气动阀,灯泡,高压阀芯,
P4泵,三芯线,高压阀芯,
焊头,感应器,高压阀芯,
阀盖,轮子,WIKA,
反光板,短轴,工装,
皮带,工装,工装,
磁条,焊头,阀座,
开关,焊头,传感器,
连接头,铆头,轴,
枪头,继电器,销子,
吸头,复位钥匙按钮,销子,
泵,夹爪,阀,
三芯线,三联件,工装,
扭力枪,密封圈,工装,
工装,弹簧,工装,
工装,感应器,顶丝,
感应器,交换机,工装,
气缸,感应器,工装,
气缸,压力开关,顶杆,
工装,风扇,电源模块,
四芯线,活塞杆,电源模块,
感应器,气缸,电源模块,
连接头,弹簧,电机,
感应器,密封圈,电磁阀,
密封圈,水汞,电磁阀,
气缸,Moby传感器,挡停,
气缸,C型阀片,气缸,
枪头,工装,气缸,
感应器,连接头,弹簧,
阀芯,Festo相机,弹簧,
焊头,Moby传感器,弹簧,
雄克摆动气缸,夹爪,节流阀,
辅助触点,气缸,打油枪,
继电器,三芯线,打码针,
打油阀,三芯线,镜片,
工装,拔销,电机,
焊头,指示灯,传送带,
铆头,感应器,传送带,
工装,四芯线,线缆,
皮带,三芯感应器线,传感器,
扭力传感器,夹爪,传感器,
感应器,焊头,传感器,
位移,焊头,传感器,
真空压力传感器,气压表,传感器,
感应器,阀芯,传感器,
铜针,感应器,传感器,
Harting接头,MOBY控制器,传感器,
感应器,三芯线,传感器,
U型感应器,标签机打印头,传感器,
气缸,铆刀,传感器,
滑道感应器,四芯线,传感器,
压块,四芯线,传感器,
感应器,感应器,传感器,
电磁阀,感应器,传感器,
线圈,滚轮开关,传感器,
传送带,挡停,传感器,
高压枪头,铆头,传感器,
压力表,焊头,传感器,
高压气管,传感器,传感器,
扭力枪气缸,滑道传感器,传感器,
传感器线,传感器,传感器,
吸头,三芯线,传感器,
感应器,焊头,传感器,
气缸,阀片,传感器,
感应器,索玛气缸,传感器,
工装,感应器,传感器,
Wika,铜针,传感器,
卡爪,夹爪,传感器,
阀套,焊头,传感器,
气缸,气缸,传感器,
焊头,感应器,传感器,
阀芯,扭力枪传感器,传感器,
阀芯,传感器,触点,
感应器,传感器,扭力枪,
焊头,铜针,扭力枪,
铆头,打油枪,工装,
高压气管,铜针,标签机打印头,
工装,铜针,标签机打印头,
工装,铆头,拔销,
吸头,铆刀,拔销,
高压阀芯,感应器,安全门锁,
焊头,感应器,Wika,
工装,感应器,工装,
感应器,感应器,真空发生器,
滑道感应器,气缸,气缸,
感应器,螺丝,气缸,
铜针,气缸,传感器,
位移传感器,夹爪,模块,
对射传感器,夹爪,模块,
扫码枪线,铆头,传感器,
气缸,工装,传感器,
铆头,皮带,传感器,
焊头,传感器,传感器,
铜针,三芯线,传感器,
感应器,打码针,传感器,
感应器,镜头,模块,
高压阀芯,∮22 OM枪,气缸,
高压阀芯,∮23 OM枪,电磁阀,
阀套,工装,线缆,
感应器,工装,节流阀,
传感器,工装,过滤袋,
卡爪,工装,过滤器,
铆头,气缸,轴承,
传感器,感应器线,轴承,
吸头,焊头,轴承,
工装,中继,轴承,
顶丝,焊头,继电器,
压块,气控阀,继电器,
顶杆工装,感应器,工装,
焊头,感应器,工装,
缓冲,感应器,电磁阀,
阀芯,感应器,控制器,
电机,铜针,定位销,
高压阀芯,气缸,传感器,
位移,雄克气缸,传感器,
传感器,感应器,传感器,
翻转气缸,气缸,销子,
高压阀芯,挡块,线缆,
配气块,夹爪,线缆,
BUS转接头,感应器,线缆,
传感器,感应器,,
工装,消音器,阀,
传感器,继电器 ,阀,
安全模块,夹爪,阀,
夹爪,灯泡,阀,
U型传感器,推杆,阀,
传感器,铜针,阀,
焊头,气缸,阀,
铜针,传感器,阀,
感应器,铜针,阀,
三芯线,Harting接头,阀,
工装,电机,阀,
高压阀芯,U型传感器,阀,
高压阀芯,气缸,工装,
传感器,铜针,吸盘,
电源,安全门锁,吸盘,
真空开关,三芯线,线缆,
触点,感应器,传感器,
滑道传感器,焊头,万向头,
传感器,铜针,夹爪,
阀芯,反光板,工装,
铆刀,感应器,工装,
气缸,高压阀芯,探针,
焊头,感应器,探针,
三芯线,枪头,探针,
高压气管,气缸,探针,
镜片,刹车气缸,探针,
打油电机,把手,探针,
感应器,铜针,探针,
驱动器,油缸,探针,
套管工装,阀芯,探针,
三芯线,感应器,枪头,
感应器,工装,工装,
阀芯,工装,工装,
阀套,铜针,工装,
工装,传感器,工装,
感应器,连接头,气缸,
夹爪工装,挡停气缸,线缆,
位移传感器,缓冲,气缸,
焊头,轴承,扫码枪,
高压气管,感应器,线缆,
工装,感应器,线缆,
焊头,感应器,线缆,
工装,感应器,线缆,
接头,感应器,电机,
焊头,阀芯,枪头,
位移传感器,连接头,打码针套管,
电源,高压软管,打码针套管,
编码器线缆,打码针,工装,
平衡吊,枪套,气压表,
气缸,气缸,Harting,
卡爪,光纤传感器,传感器,
传感器,铆刀,传感器,
按钮,传感器,气缸,
焊头,传感器,气缸,
焊头,传感器,气缸,
气压表,阀芯,气缸,
气缸,气缸,气缸,
卡箍,U型传感器,气缸,
焊头,气缸,气缸,
传感器,感应器,气缸,
∮25 ASM套管,nimark逆变器,气缸,
铆头,轴承,气缸,
打码针,挡停气缸,皮带,
驱动器,焊头,皮带,
扭力传感器,缓冲,皮带,
快速排气阀,调压阀,皮带,
铆刀,BK3120模块,皮带,
皮带,液压杆,皮带,
气缸,气缸,皮带,
感应器,感应器,皮带,
阀芯,Pilz模块,皮带,
卡爪,控制基板,工装,
吸嘴,阀芯,齿轮箱,
吸嘴,镭射镜片,挡块,
感应器,电源,密封圈,
焊头,平面轴承,密封圈,
滑道传感器,铆头,铆刀,
吸头,焊头,过滤器,
连接头,夹爪,轮子,
连接头,铆头,阀,
感应器,皮膜,定位销,
力传感器,打油阀,接头,
焊头,铜套,驱动器,
铆头,铆头,工装,
铆刀,焊头,阀,
高压阀芯,铜针,阀,
焊头,接头,节流阀,
感应器,接头,阀,
保险丝,密封圈,,
滑块,铜针,节流阀,
感应器,摇杆开关,节流阀,
感应器,三芯线,节流阀,
电机,三芯线,阀,
风机,感应器,工装,
接触器,控制器,夹爪,
感应器,电机,夹爪,
继电器,连接头,夹爪,
调压阀,感应器,夹爪,
高压抽水泵,传感器,夹爪,
铆头,bus中继,夹爪,
油阀,传感器,工装,
感应器,调压阀,夹爪,
气缸,阀片,夹爪,
打油针,工装,夹爪,
感应器,焊头,夹爪,
油针,压力表,继电器,
感应器,阀芯,继电器,
扭力枪,铆针,皮带,
电机,SMC阀片,皮带,
快速排气阀,托盘工装,皮带,
连接头,卡爪,皮带,
高压气管接头,卡爪,活塞杆,
感应器,感应器,活塞杆,
枪头,套筒,活塞,
卡爪,气缸,活塞,
吸头,工装,缓冲,
弹簧,工装,缓冲,
铜针,气动开关,缓冲,
感应器,工装,缓冲,
打码针,感应器,缓冲,
枪套,传感器,传感器,
排气阀,传感器,传感器,
OM,传感器,焊接单元,
滑道感应器,焊头,焊接单元,
高压阀芯,传送带,焊接单元,
配气块,铜套,焊接单元,
感应器,吸头,焊接单元,
焊头,传感器,过滤袋,
弹簧,传感器,Harting,
高压阀芯,皮带,工装,
传感器,皮带,工装,
三芯线,气缸,工装,
焊头,工装,工装,
高压接头,打油电机,工装,
工装,感应器,工装,
感应器,感应器,工装,
高压阀芯,吸头,工装,
工装,快排,工装,
固定销,滑道传感器,工装,
开关电源,气缸,工装,
工装,压力开关,工装,
三芯线,传感器,工装,
三芯线,夹爪,工装,
脚踏开关,缓冲,工装,
阀芯,气缸,工装,
高压气管,铆刀,工装,
打油电机,夹爪,工装,
感应器,五连件,枪头,
感应器,铜针,高压枪头,
夹爪,枪头,高压阀芯,
工装,焊头,高压阀芯,
钢套,焊头,高压阀芯,
气缸,铆头,高压阀芯,
铜针,铆头,高压阀芯,
连接头,铜针,高压阀芯,
拉销,铜针,高压阀芯,
感应器,MOBY传感器,高压阀芯,
辅助触点,气缸,高压阀芯,
接触器,皮带,泵,
传感器,真空过滤器,线缆,
阀岛,空气弹簧,反光板,
感应器,空气弹簧,气缸,
moby,气压表,阀座,
感应器,气缸,密封圈,
夹爪,缓冲,传感器,
铆刀,气压表,销子,
接触器,气缸,定位套,
气缸,连接头,阀,
挡块,枪头,顶丝,
挡块,限位开关,工装,
工装,感应器,顶杆,
感应器,铜针,阀,
三芯线,感应器,调压阀,
连接头,铆刀,电源模块,
焊头,感应器,电机,
焊头,焊头,电机,
焊头,I/O模块,电机,
吸头,打印头,打油枪,
振动盘控制器,WIKA,电磁阀,
传感器线,气缸,气缸,
位移,三芯线,气缸,
传感器,Harting接头,气缸,
安全门锁,挡停气缸,气缸,
吸尘器,感应器,弹簧,
喷嘴,感应器,弹簧,
卡箍,铆头,单向阀,
过滤器,阀芯,打油阀,
传感器,安全阀,打码针,
传感器,五联件,打码针,
传感器,焊头,打码针,
滑道传感器,BUS接头,打码针,
弹簧,气压表,传送带,
高压阀芯,低压WIKA,传送带,
低压阀芯,阀芯,传送带,
工装,高压枪头,传送带,
工装,焊头,传送带,
销子,铜针,传送带,
夹爪,三芯线,传送带,
缓冲,四芯线,传感器,
高压阀芯,反光板,传感器,
传感器,连接头,传感器,
传感器,焊头,传感器,
传感器,工装,传感器,
焊头,铆刀,传感器,
磁条,感应器,传感器,
卡扣,气缸,传感器,
铜针,感应器线,传感器,
焊头,消音器,传感器,
铆头,电磁阀,传感器,
高压阀芯,气缸,传感器,
感应器,SMC阀片,传感器,
感应器,焊头,传感器,
尼龙工装,缓冲器,传感器,
工装,缓冲器,传感器,
高压气管连接头,把手,传感器,
接头,打油阀,传感器,
位移传感器,阀片,传感器,
挡停气缸,温度传感器,传感器,
过滤器,焊头,传感器,
配气块,弹簧,轴,
高压气管,铆刀架,销子,
感应器,铜针,工装,
焊头,夹爪,标签机打印头,
枪头,高压枪头,变频器,
焊头,焊头,比例阀,
位移传感器,气缸,气缸,
Moby块,三芯线,销子,
皮带,焊头,拔销,
阀芯,夹爪,线缆,
气动扭力枪,夹爪,线缆,
滑轨,铜针,按钮,
光幕（A部分）,电磁阀,安全门锁,
焊头,传感器,安全门锁,
铆头,锁码气缸,安全门锁,
气缸,J型阀片,电缸,
工装,插销工装,传感器,
焊头,插销工装,传感器,
四芯感应器,U型传感器,皮带,
消声器,工装,传感器,
夹爪,打油电机,工装,
皮带,打油电机,传感器,
感应器,打油电机,模块,
感应器,枪头,阀,
工装,传感器,扫码枪,
工装,中继,模块,
阀芯,Pilz模块,传感器,
振动器,焊头,Harting,
传感器,MOBY感应器,皮带,
导向工装,感应器,弹簧,
翻转气缸,连接头,弹簧,
复位按钮,接头,,
接头,焊头,轴承,
气动枪,焊头,编码器,
吸头,传感器,电机,
感应器,铜针,单向阀,
焊头,铜套,振动单元,
铜针,阀芯,控制器,
反光板,电缸,皮带,
工装,气缸,真空发生器,
焊头,堵头,真空发生器,
焊头,气缸,噪音机,
感应器,相机,油嘴,
铜针,感应器,油嘴,
高压阀芯,缓冲,油针,
气缸,称套,传感器,
感应器,套筒,过滤器,
轮子,夹爪上橡胶柱,轴承,
短轴,高压气管,液位计,
轴承,皮带,工装,
四芯线,铜针,工装,
传感器,高压气管,夹爪,
风扇盖板,夹爪,电机,
铜套,焊头,气缸,
铜针,铆头,传感器,
阀芯,焊头,轮子,
传感器,气缸,消音器,
工装,皮带,消音器,
传感器,传感器,阀,
接触器,传感器,阀,
辅助触点,工装,吸盘,
旋转电机,工装,吸盘,
阀芯,阀芯,吸盘,
阀芯,感应器,吸盘,
焊头,感应器,吸盘,
打油泵,气缸,吸盘,
铜针,阀芯,吸盘,
吸嘴,枪套,吸盘,
电磁阀,阀芯,吸盘,
压力表,三芯线,传感器,
皮带,传感器,传感器,
工装,感应器,工装,
工装,气缸,托盘,
工装,连接头,工装,
限位传感器,阀芯,工装,
BANNER开关,工装,传感器,
卡扣,工装,探针,
气缸,直线电机,探针,
阀芯,反光纸,探针,
感应器,阀芯,探针,
打码针,枪套,探针,
弹簧,枪杆,探针,
夹爪,传感器,工装,
枪头,弹簧,探针,
反光板,夹爪防滑条,探针,
气缸,托盘销子,工装,
枪头,托盘销子,探针,
通电工装,托盘销子,工装,
缓冲,托盘销子,工装,
感应器,枪头,工装,
焊头,过滤袋,工装,
焊头,打码镜片,气缸,
三芯线,感应器,气缸,
感应器,三芯线,线缆,
堵头,铜针,工装,
阀芯,夹爪,电机,
雄克气缸,焊头,泵,
工装,电磁阀线圈,扫码枪,
工装,电磁阀,线缆,
真空发生器,调压阀,线缆,
调压阀,24V电压,线缆,
电缸,继电器,线缆,
五连件,继电器底座,线缆,
传感器线,三芯线,线缆,
感应器,急停,线缆,
感应器,急停固定块,工装,
压力表,枪套,高压枪头,
感应器,弹簧,高压连接头,
吸头,焊头,气压表,
感应器,感应器,气压表,
焊头,压力传感器,气囊,
KUKA示教器,H型阀片,接头,
气缸,三芯线,传感器,
感应器,电磁阀,传感器,
力传感器,传感器,气缸,
感应器,四芯线,气缸,
感应器,气压表,气缸,
焊头,高压气管,气缸,
气缸,高压气管,气缸,
气缸,MOBY感应器,气缸,
铆头,感应器,气缸,
感应器,卡箍,气动枪,
感应器,模块,调压阀,
工装,MOBY感应器,皮带,
铜针,感应器,皮带,
吸盘,枪头,皮带,
小皮带,阀芯,皮带,
工装,气压表,皮带,
夹爪,气压表,皮带,
铜针,三芯线,皮带,
焊头,阀导密封圈,皮带,
电磁阀,滑道感应器,扭力枪,
缓冲,焊头,铆头,
夹爪,调压阀,铆头,
气囊,气压表,铆刀,
感应器,感应器,工装,
卡扣,电缸,铆刀,
电磁阀,枪头,铆刀,
单向阀,气缸,铆刀,
阀芯,卡扣,铆刀,
滑道感应器,电磁阀线,工装,
感应器,急停,把手,
工装,常闭触点,轮子,
平衡吊,常开触点,阀,
阀芯,常开触点,拔销,
阀芯,调压阀,拔销,
缓冲,弹簧,拔销,
套筒,卡扣,拔销,
连接头,电源,控制器,
铆头,真空发生气,弹簧,
传感器,感应器,卡扣,
滑道传感器,固态继电器,阀,
微动开关,感应器,节流阀,
皮带,连接头,节流阀,
焊头,阀芯,节流阀,
工装,阀芯,阀,
阀芯,线性轴承,阀,
焊头,力士乐电缸,节流阀,
工装,驱动器,节流阀,
夹爪,夹爪,节流阀,
阀芯,气缸,节流阀,
连接头,感应器,继电器,
铜针,焊头,夹爪,
模块,焊头,夹爪,
驱动器,感应器,夹爪,
高压气管,工装,工装,
WIKA,通电工装,夹爪,
传感器,滑道感应器,工装,
三芯线,皮带,工装,
三芯线,阀芯,线缆,
传感器,阀芯,保险丝,
工装,焊头,保险丝,
销子,铆头,换向阀,
工装,夹爪,缓冲,
打油电机,焊头,缓冲,
铆头,铆头,缓冲,
夹爪,滑道工装,滑轨,
工装,滑道感应器,滑块,
工装,扭力枪电源模块,传感器,
夹爪,感应块,传感器,
感应器,感应块,传感器,
中间继电器,气缸,传感器,
按钮,滑道感应器,传感器,
连接头,传感器,焊接单元,
传感器,继电器,焊接单元,
雄克电机,底座,焊接单元,
焊头,枪头,焊接单元,
转盘感应器,读码器,焊接单元,
堵头,光纤放大器,焊接单元,
断路器,焊头,焊接单元,
传感器,工装,焊接单元,
电源,枪头,工装,
枪头,连接头,工装,
气缸,焊头,工装,
缓冲,铆刀,工装,
卡扣,MOBY感应线,工装,
调压阀,噪音机,工装,
焊头,枪头,工装,
夹爪,传感器,工装,
铜套,传感器,工装,
感应器,铜针,工装,
滑道感应器,油针,工装,
打油枪,三芯线,工装,
铆刀,弹簧,工装,
焊头,位移感应器,工装,
气缸,焊头,枪头,
工装,三芯线,高压枪头,
吸头工装,高压枪头,高压枪头,
传感器,三芯线,高压软管,
压力表,感应器,高压阀芯,
工装,卡箍,高压阀芯,
铁丝,传感器,高压阀芯,
同步带,传感器,高压阀芯,
Harting框架,托盘传感器,高压阀芯,
母铜针,焊头,高压阀芯,
反光板,阀芯,高压阀芯,
枪头,电磁阀,电磁阀,
焊头,铜针,气压表,
枪套,焊头,轮子,
枪杆,阀芯,传感器,
销套,感应器,反光板,
连接头,高压阀芯,反光板,
雄克气缸,感应器,反光板,
夹爪,磁头,阀,
工装,气缸,阀片,
感应器,焊头,传感器,
气缸,气缸,传感器,
灯泡,阀芯,轴,
传感器,阀芯顶头,打油阀,
传感器,感应器,工装,
感应器,夹爪,工装,
阀芯,气缸,工装,
吸头,高压气管,工装,
打码针,气缸,工装,
气缸,活塞杆,工装,
焊头,活塞杆,工装,
感应器,气缸,工装,
电缸,铜针,工装,
卡爪,铆头,工装,
卡爪,传感器,工装,
气缸,气缸,工装,
阀芯,高压枪头,工装,
阀片,工装,阀,
工装,工装,阀,
调压阀,中继,调压阀,
KL6031模块,感应器,调压阀,
吸头,四芯线,吊带,
感应器,四芯线,模块,
通电工装保护套,升降机,电机,
铜针,数显压力表,电缸,
焊头,阀,线圈,
铆头,保险丝,电磁阀,
铜针,过滤袋,电磁阀,
铜针,感应器,气缸,
吸头,固定传感器螺母,气缸,
连接杆,感应器,气缸,
感应器,阀芯,气缸,
阀芯,灯泡,气缸,
阀芯,轴承,弹簧,
电机,枪杆,弹簧,
齿轮箱,对射传感器,弹簧,
气缸,对射传感器,弹簧,
阀芯,气缸,弹簧,
压力开关,滑道感应器,弹簧,
气缸,焊头,打油阀,
辅助触点,传感器,打油阀,
继电器,传感器,打码针,
铜针,接头,打码针,
铜针,接头,电机,
信号灯,连接块,电机,
感应器,工装,传感器,
焊头,高压调压阀,传感器,
气缸,同步带,传感器,
传感器,焊头,传感器,
真空发生器,ATEQ,传感器,
卡箍,传感器,传感器,
夹爪,电源,传感器,
平衡吊,焊头,传感器,
卡箍,阀片,传感器,
感应器,感应器,传感器,
枪头,打油阀,传感器,
气缸,感应器,传感器,
平衡吊,固态继电器,传感器,
四芯线,焊头,传感器,
铆头,工装,传感器,
传感器,快排,传感器,
铜套,气缸,传感器,
工装,铜针,传感器,
连接头,感应器,传感器,
对射感应器,枪头,传感器,
压力表,工装,传感器,
高压气管,工装,传感器,
高压枪头,阀片,传感器,
感应器,弹簧,传感器,
夹爪,高压气管,传感器,
气缸,位移,传感器,
感应器,焊头,传感器,
焊头,枪头,轴,
焊头,滑道感应器,工装,
夹爪,气缸,工装,
气动枪,焊头,标签机打印头,
感应器,卡爪,比例阀,
焊头,铜针,拔销,
铜针,铜针,销子,
微动开关,卡箍,按钮,
扭力枪传感器,托盘工装,电磁阀,
铜针,夹爪,传感器,
铜针,滑道感应器,安全门锁,
夹爪,连接头,传感器,
感应器,阀芯,传感器,
感应器,打孔工装,传感器,
高压枪头,感应器,传感器,
夹爪,三芯线,传感器,
感应器,工装,气缸,
夹爪,高压阀芯,传感器,
焊头,连接头,传感器,
连接头,气缸,皮带,
气缸,滑道传感器,传感器,
枪套,微动开关,线缆,
四芯线,阀芯,销子,
手柄,阀套,销子,
辅助触点,工装,皮带,
开关,焊头,联轴器,
感应器,铜针,轴承,
阀芯,工装,轴承,
感应器,传感器,继电器,
阀芯,四芯线,电机,
消声器,气缸,控制器,
编码器线,气压表,阀片,
铜针,气压表,真空发生器,
卡爪,真空表,焊接单元,
铜针,卡扣,噪音机,
打码针,感应块,定位销,
连接头,感应器,工装,
高压枪头,阀芯,数显表,
铜针,阀套,数显表,
传感器,枪头,油缸,
气缸,缓冲,油缸,
阀芯,工装,接头,
阀套,工装,线缆,
高压阀芯,工装,电机,
密封圈,皮带,气缸,
通电工装,焊头,传感器,
MOBY感应器,滑块,销子,
皮带,吸头,销子,
工装,三芯线,工装,
气缸,感应器,消音器,
传感器,阀芯顶头,消音器,
传感器,MOBY,传感器,
传感器线,焊头,缓冲限位,
拔销,插销,阀,
焊头,枪头,阀,
BK3120模块,电容,阀,
感应器,安全继电器,阀,
感应器,定位销,阀,
感应器,铜针,阀,
感应器,调压阀,阀,
电磁阀线圈,焊头,阀,
皮带,焊头,阀,
高压枪头,阀芯,阀,
铜针,阀套,吸盘,
高压阀芯,密封圈,吸盘,
焊头,阀座,吸盘,
高压枪头,铆刀,吸盘,
高压枪头杆子,夹爪,吸盘,
感应器线,气缸,工装,
感应器线,调速器,吸盘,
真空发生器,气缸,吸盘,
焊头,焊头,吸盘,
阀芯,电缸,吸盘,
夹爪工装,感应器,吸盘,
气缸,堵头,传感器,
阀芯,感应器,,
感应器,枪头,,
真空传感器,继电器,线缆,
工装,辅助触点,线缆,
工装,滑道感应器,托盘,
接触器,枪杆,探针,
传感器,焊头,探针,
枪套,感应器,探针,
轴承,三芯线,探针,
气缸,感应器,探针,
皮带,光纤,探针,
MOBY感应器,焊头,探针,
滑道感应器,振动器,探针,
扫码枪线,阀芯,探针,
感应器,铜针,探针,
MOBY感应器,感应器,探针,
工装,气缸,探针,
驱动器,连接头,探针,
吸头,气缸,探针,
缓冲,断路器,探针,
滑道感应器,皮带,探针,
气缸,电缸,探针,
感应器,感应器,探针,
气缸,吊带,探针,
工装,夹爪,轮子,
夹爪,电磁阀,气缸,
铜针,枪头,丝杆,
反光板,夹爪传感器,阀,
灯泡,传感器,泵,
灯泡,工装,线缆,
感应器,高压阀芯,线缆,
焊头,感应器,线缆,
铆刀,铜套,线缆,
传感器,减压阀,线缆,
传感器,感应器,线缆,
滑道传感器,焊头,枪头,
八芯线,工装,枪头,
把手,感应器,工装,
气缸,气缸,枪头,
harting母头,水泵,枪头,
铆头,工装,工装,
OM工装,夹爪工装,工装,
焊头,微动开关,工装,
气缸,水泵,工装,
滑道传感器,铆头,气压表,
齿轮带,压力开关,气压表,
感应器,焊头,气压表,
传感器,滑道传感器,缓冲,
夹爪,气缸,接头,
感应器,传感器,气缸,
接触器,MOBY,气缸,
辅助触点,夹爪,气缸,
气缸,焊头,气缸,
气动弹簧,真空检测器,气缸,
感应器,夹爪,气缸,
网线接头,三位四通手动阀,气缸,
阀芯,气缸,皮带,
阀套,缓冲,皮带,
感应器,感应器,皮带,
复位按钮,套管,皮带,
挡停气缸,铜针,皮带,
电机,打码针,皮带,
电机,套筒工装,工装,
阀套密封圈,气缸,内窥镜镜头,
中间继电器,焊头,工装,
气缸,焊头,模块,
感应器,铆刀,密封圈,
感应器,电机,密封圈,
铜针,真空阀,铆头,
铜套,真空表,铆头,
焊头,枪头,铆头,
工装,套子,铆头,
欧姆龙传感器,铜针,铆头,
滑道传感器,夹爪,轮子,
按钮,直线轴承,轮子,
触点,滑道感应器,定位销,
真空发生器,气缸,联轴器,
接触器,三芯线,线缆,
吸头,铆刀工装,接头,
焊头,高压阀芯,接头,
套筒,阀套密封圈,传感器,
阀套密封圈,套筒,焊接单元,
气缸,中继,卡扣,
阀芯,工装,镜片,
工装,电源模块,阀,
夹爪,焊头,节流阀,
枪头,缓冲,节流阀,
感应器,焊头,节流阀,
光纤,Turck传感器,节流阀,
感应器,气缸,节流阀,
阀芯,皮带,Harting,
堵头,焊头,工装,
气缸,感应器,开关,
高压专用阀芯,焊头,继电器,
传感器线,夹爪,继电器,
阀芯,铜针,继电器,
传感器,铆头,工装,
传感器,电磁阀,工装,
高压阀芯,感应器,夹爪,
阀芯,扫码枪线,夹爪,
工装,高压阀芯,夹爪,
工装,高压阀芯,夹爪,
工装,传感器,夹爪,
调压阀,中继,工装,
接头,Pilz模块,继电器,
吸头,连接头,继电器,
感应器,阀芯,缓冲,
阀芯,枪套,缓冲,
阀芯,连接头,缓冲,
焊头,铜针,缓冲,
铆头,气缸,滑轨,
传感器,感应器,滑轨,
中间继电器,感应器,传感器,
挡停气缸,皮带,传感器,
传感器,焊头,传感器,
压力传感器,尼龙顶头,传感器,
阀片,连接头,传感器,
工装,销子,焊接单元,
焊头,雄克直线电机,焊接单元,
铆头,滑道传感器,焊接单元,
弹性顶丝,传感器,焊接单元,
阀芯,工装,焊接单元,
阀座,枪杆,焊接单元,
枪套,空气弹簧,焊接单元,
枪杆,气缸,焊接单元,
枪杆,光纤,焊接单元,
气缸,焊头,焊接单元,
铆刀,灯泡,焊接单元,
三芯线,传感器,焊接单元,
滑道感应器,线,焊接单元,
气压表,三芯线,过滤器,
工装,把手,工装,
焊头,夹爪,工装,
三芯线,工装,工装,
铜针,传感器,工装,
铜针,气缸,工装,
枪头,三芯线,工装,
铆头,感应器,工装,
铜针,扫码枪,工装,
光纤传感器,夹爪,工装,
滑道传感器,焊头,工装,
位移传感器,枪杆,工装,
压力开关,套筒工装,工装,
滑道感应器,气缸,高压枪头,
U型感应器,传感器,高压软管,
定位销,工装,高压软管,
工装,油压表,高压阀芯,
限位开关,气动阀,高压阀芯,
工装,阀片,高压阀芯,
夹爪,pilz块,高压阀芯,
打油电机,顶丝,高压阀芯,
打油电机,油阀,高压阀芯,
电源模块,缓冲,高压阀芯,
传感器,阀芯,高压阀芯,
传感器,感应器,高压阀芯,
焊头,感应器,高压阀芯,
电源模块,工装,高压阀芯,
气缸,夹爪,工装,
感应器,中继,触点,
焊头,锁码气缸,放大器,
打油电机,感应器,反光板,
扭力枪,电缸,反光板,
焊头,阀芯,气缸,
铆刀座,工装,阀座,
PILZ模块,感应器,阀芯,
传感器,感应器,高压阀芯,
传感器,焊头,阀套密封圈,
铆头,铆头,密封圈,
夹爪,感应器,阀片,
缓冲,感应器,阀门,
传送带,滑道感应器,轴,
铜针,感应器,工装,
铜针,气缸,工装,
铆头,吸盘,工装,
焊头,感应器,调压阀,
感应器,打油阀,调压阀,
感应器,铜针,调压阀,
阀片,工装,调压阀,
弹簧,夹爪,调压阀,
扭矩传感器,夹爪,电机,
传感器,BK3150,电机,
扭力枪齿轮单元,传感器,电缸,
感应器,感应器线,电磁阀,
扭矩传感器,枪头,电磁阀,
阀芯,调压阀,阀芯,
尼龙挑棒,感应器,挡停,
尼龙挑棒,夹爪,气缸,
挡停气缸,感应器,气缸,
工装吸头,气缸,气缸,
五连件,托盘夹爪,挡停,
打油阀,气缸,气缸,
阀芯,枪头,气缸,
高压气管,工装,挡停,
焊头,感应器,挡停,
中继,枪头,弹簧,
气缸,空气弹簧,弹簧,
万向头,铜针,弹簧,
传感器,铆头,弹簧,
传感器,焊头,弹簧,
传感器,焊头,电机,
工装,气压表,打油阀,
工装,压力开关,打油阀,
夹爪,微动开关,打油阀,
传感器,夹爪,阀,
焊头,夹爪,阀,
连接头,高压阀芯,磁头,
传感器,高压阀芯,打码针套管,
卡销螺丝,感应器,打码针套管,
焊头,工装,打码针,
铆头,销子工装,打码针,
焊头,电机,传送带,
针座,工装,传送带,
针头,小托盘,传送带,
扫码枪,气缸,传感器,
皮膜,感应器,传感器,
I/O模块,感应器,传感器,
感应器,三芯线,传感器,
感应器,焊头,传感器,
感应器,感应器,传感器,
焊头,翻转气缸,传感器,
焊头,电机,传感器,
连接头,感应器,传感器,
按钮盒,气缸,传感器,
单向阀,工装,传感器,
枪头,感应器,传感器,
感应器,气缸,传感器,
工装,气缸,传感器,
铜针,MOBY,传感器,
铆头,托盘,传感器,
气压表,气缸,传感器,
高压气管接头,感应器,传感器,
焊头,枪头,传感器,
扫码枪,枪头,传感器,
铜针,焊头,传感器,
感应器,气缸,传感器,
电源,旋转电机,传感器,
数据采集板卡,PILZ感应块,传感器,
工装,压力传感器,传感器,
铜针,铆头,传感器,
电缸,焊头,传感器,
轴承,挡停,传感器,
三芯线,双手开关,传感器,
三芯线,万象头,传感器,
感应器,滑道感应器,传感器,
阀芯,枪头,传感器,
传感器,拔销,传感器,
传感器,P4泵,传感器,
吸头,铆刀,轴,
高压气管,标签机磁头,齿轮箱,
焊头,气缸,齿轮箱,
铆头,通电工装,超声波焊接单元,
工装,感应器,磁头,
焊头,调频器,泵,
铆头,I/0分配模块,泵,
工装,焊头,保险丝,
夹爪,高压阀芯,保险丝,
连接头,小托盘,拔销,
跟踪接头,三芯线,拔销,
焊头,夹爪,传感器,
三芯线,P4泵,按钮,
感应器,电机,模块,
电机,工装,模块,
减速器,工装,安全阀,
轴承,工装,WIKA,
线,油针,气缸,
传感器,滑道传感器S03.02,电机,
焊头,阀芯,模块,
焊头,堵头,泵,
感应器,扭力枪气缸,传感器,
工装,阀片,传感器,
真空表,焊头,传感器,
感应器,焊头,传感器,
感应器,传感器,传感器,
感应器,传感器,卡扣,
电缸,铜针,卡扣,
传感器,传感器,安全门锁,
调压阀,气缸,扫码枪,
转接头,消音器,接头,
气缸,焊头,接头,
铜针,铆头,接头,
扭矩传感器,感应器,传感器,
工装,打油阀,传感器,
阀芯,工装,传感器,
感应器,工装,模块,
感应器,气缸,Harting,
铆头,焊头,工装,
传动轴,铆头,工装,
工装,辅助触点,工装,
复位开关,断路器,工装,
套筒,夹爪工装,工装,
比例阀,皮带,工装,
枪头,工装,工装,
传动轴,气缸,工装,
缓冲,焊头,工装,
夹爪,感应器,皮带,
套筒,挡块,皮带,
套筒,焊头,轴承,
焊头,打油泵,轴,
焊头,光纤传感器,继电器,
感应器,吸头,继电器,
防尘条,smc感应器,控制器,
套筒,铜针,真空发生器,
高压阀芯,铜套,泵,
节流阀,铆头,焊接单元,
卡扣,工装,焊接单元,
焊头,夹爪,焊接单元,
油缸,传感器,焊接单元,
旋转电机,感应器,焊接单元,
缓冲,减速机,焊接单元,
调压阀,高压气管,开关,
感应器,皮带,气缸,
皮带,销套,气缸,
扭力枪,工装,气缸,
感应器,单向阀,气缸,
调压阀,铜针,气缸,
顶头工装,铜针,传感器,
工装,高压管,传感器,
顶头工装,铆刀,传感器,
感应器,工装,传感器,
气缸,滑道传感器,销子,
枪头,气缸,销套,
感应器,传感器,线缆,
力传感器,阀芯,线缆,
振动器,传感器,线缆,
高压枪头,Truck传感器,阀,
弹簧,挡停,阀,
气压表,压力开关,阀,
夹爪,打码针,阀,
安全模块,枪套,阀,
传感器,三芯线,阀,
吸头,气缸,阀,
夹爪,阀,阀,
夹爪,气压表,阀,
铜针,气动阀,阀,
Festo传感器,挡停气缸,阀,
铆头,感应器,吸盘,
工装,工装,工装,
气缸,工装,吸盘,
油雾器,阀芯,吸盘,
夹爪,传感器,电磁阀,
轴承,感应器,传感器,
气缸,夹爪,销子,
扫码枪线,皮带,工装,
工装,调压阀,工装,
吸头,气缸,工装,
连接头,感应器,探针,
编码器,传感器,探针,
夹爪工装,枪杆,探针,
气缸,滑道感应器,探针,
工装,四芯线,探针,
焊头,气缸,工装,
铆头,滑道传感器,工装,
工装,缓冲,轮子,
焊头,焊头,工装,
打油阀,滑道感应器,工装,
气缸,感应器,工装,
焊头,工装,线缆,
感应器,按钮,泵,
夹爪,焊头,线缆,
工装,感应器,线缆,
工装,感应器,线缆,
跟踪器头子,工装,线缆,
销子,铜针,皮带,
销子,传感器,皮带,
工装,铜针,工装,
转接头,感应器,枪头,
铆刀,油压表,枪头,
拔销,夹爪,枪头,
力传感器,铜针,工装,
卡扣,焊头,工装,
感应器,夹爪,工装,
铜套,接头,枪头,
弹簧,阀芯,工装,
焊头,连接头,工装,
铆头,枪套,气压表,
高压枪头,铆头,气压表,
感应器,铜针,缓冲,
感应器,工装,接头,
高压气管,传感器,传感器,
高压枪头,气缸,传感器,
铜针,电源开关,气缸,
焊头,感应器,气缸,
滑轨,套筒,气缸,
卡爪,夹爪,气缸,
MOBY感应器,焊头,气缸,
焊头,夹爪,气缸,
缓冲,铆头,气缸,
感应器,跟踪器,气缸,
开关,焊头,气缸,
感应器,焊头,气缸,
工装,电磁阀线圈,皮带,
气缸,轮子,皮带,
气缸,轴,皮带,
弹簧,轴承,皮带,
夹爪,气动球阀,皮带,
焊头,阀片,皮带,
焊头,夹爪,模块,
铜针,BK3120模块,模块,
夹爪,尼龙顶头,模块,
气缸,24V电源,密封圈,
焊头,H型阀片,密封圈,
气缸,传感器,铆头,
工装,KL2134模块,轮子,
工装,KL3120电源模块,轮子,
感应器,驱动器,联轴器,
气缸,阀芯,联轴器,
轴承,保险丝,工装,
气缸,感应器,传感器,
阀芯,阀片,传感器,
保险丝,滑道感应器,阀,
模块,滑道感应器,阀,
电缸,工装,扭力枪,
夹爪,气缸,节流阀,
跟踪器头子,压力表,节流阀,
焊头,调压阀,节流阀,
卡爪,缓冲,节流阀,
铆刀,皮带,节流阀,
夹爪,挡停气缸,节流阀,
感应器,位移,节流阀,
工装,工装,节流阀,
感应器,真空发生器,节流阀,
挡停气缸,工装,工装,
高压气管,夹爪,工装,
焊头,扭力枪,工装,
卡爪,焊头,夹爪,
铜针,夹爪,夹爪,
传感器,托盘传感器,夹爪,
工装,滑道传感器,夹爪,
工装,传感器,夹爪,
卡爪,MOBY,夹爪,
焊头,平衡吊,夹爪,
气缸,连接头,夹爪,
打码机控制器,阀芯,工装,
高压气管,阀座,夹爪,
皮带,密封圈,夹爪,
铜针,气缸,夹爪,
铆头,扫码枪,工装,
挡停气缸,焊头,加热块,
固态继电器,短活塞杆,线缆,
感应器,气缸,扫码枪,
气缸,气缸,活塞杆,
感应器,长活塞杆,活塞,
感应器,弹簧,缓冲,
铜针,感应器,缓冲,
工装,工装,缓冲,
感应器,灯泡,缓冲,
感应器,工装,缓冲,
减速箱,传感器,电机,
气缸,焊头,滑轨,
拔销,焊头,滑轨,
焊头,夹爪,传感器,
传感器线,感应器,焊接单元,
铜针,气缸,焊接单元,
铜针,活塞杆,焊接单元,
铆头,工装,过滤器,
跟踪器头子,铜针,过滤器,
气缸,铜针,过滤器,
工装,感应器,传感器,
工装,打油阀,工装,
套筒,枪头,工装,
变频器,气缸,工装,
感应器,气缸,工装,
气缸,阀芯,工装,
感应器,调压阀,工装,
传感器,焊头,工装,
传感器线,阀芯,工装,
滑道传感器,夹爪,工装,
P4泵,皮带,工装,
滑道传感器,感应器,工装,
夹爪顶头工装,尼龙头,工装,
铜针,打油阀,工装,
感应器,工装,工装,
感应器,滑道感应器,工装,
皮带,对射传感器,跟踪器,
铜针,气缸,高压枪头,
铆刀电机,快排,高压枪头,
套筒,空气弹簧,工装,
ASM气缸感应器卡箍,弹簧,工装,
感应器,传感器,高压阀芯,
卡箍,SMC控制器,高压阀芯,
三芯线,压力传感器,高压阀芯,
三芯线,调压阀,高压阀芯,
感应器,油压表,气缸,
打油电机,挡停,传感器,
工装,真空发生器,反光板,
挡停气缸,调压阀,反光板,
铜针,压力表,高压阀芯,
气缸,工装,高压阀芯,
接头,打印头,密封圈,
限位开关,感应器,阀片,
焊头,气缸,阀片,
感应器,压力表,轴,
高压气管,消声器,焊接单元,
传感器,传感器,焊接单元,
铜针,模块,焊接单元,
高压阀芯,传感器,焊接单元,
高压测试气管,传感器,焊接单元,
阀芯,气缸,焊接单元,
C 型阀片,缓冲,传感器,
枪头,尼龙工装,定位销,
卡扣,旋转电机,定位销,
焊头,焊头,工装,
安全模块,阀片,顶杆,
四芯线,气缸,调压阀,
平衡吊,光纤,调压阀,
工装,控制器,阀,
铆头,SE311,控制器,
工装,扫码枪线,电机,
挡停气缸,感应器,线缆,
高压阀芯,工装,电磁阀,
铆头,铆刀,电磁阀,
铆头,传感器,电磁阀,
焊头,传感器,阀芯,
焊头,枪杆,阀芯,
单向阀,传送带,气缸,
工装,轴承,气缸,
挡停气缸,低压阀芯,挡停,
MOBY感应器,气缸,挡停,
感应器,铆刀,挡停,
夹爪,感应器,气缸,
打油工装,铆头,挡停,
传感器,焊头,弹簧,
两位三通换向阀,焊头,弹簧,
传感器,顶头工装,弹簧,
打油工装,工装,打油阀,
夹爪,真空发生器,打油阀,
震动盘,,打码针,
气缸,,磁条,
高压阀芯,,卡扣,
卡爪,,传感器,
感应器,,传感器,
感应器,,传感器,
感应器,,传感器,
感应器,,传感器,
感应器,,传感器,
阀芯,,传感器,
接头,,传感器,
夹爪,,传感器,
气缸,,传感器,
铜针,,传感器,
铜套,,传感器,
缓冲,,传感器,
传感器,,传感器,
感应器,,传感器,
同步带,,传感器,
吸头,,传感器,
扭力枪气缸,,传感器,
Harting接头,,传感器,
按钮,,传感器,
气缸,,传感器,
工装,,传感器,
工装,,传感器,
皮带,,传感器,
皮带,,传感器,
皮带,,传感器,
气缸,,传感器,
阀芯,,保险丝,
缓冲,,保险丝,
继电器,,拔销,
感应器线,,传感器,
挡停气缸,,传感器,
高压阀芯,,电磁阀,
高压阀芯,,传感器,
套筒,,泵,
套筒,,ATEQ,
MOBY模块,,传感器,
传感器线,,皮带,
传感器,,模块,
焊头,,接头,
扭力枪枪杆,,传感器,
感应器,,模块,
焊头,,模块,
连接头,,接头,
打码站,,继电器,
气缸,,接头,
感应器,,,
传感器,,,
焊头,,,
气缸,,,
吸头,,,
读码器,,,
调压阀,,,
气缸,,,
滑轨,,,
消声器,,,
压力表,,,
滑道传感器,,,
工装,,,
工装,,,
C 型阀片,,,
感应器,,,
连接头,,,
比例阀,,,
感应器,,,
打油阀,,,
电缸,,,
控制器,,,
感应器,,,
压机,,,
油阀,,,
气缸,,,
工装,,,
工装,,,
高压连接头,,,
测油壶工装,,,
高压阀芯,,,
感应器,,,
焊头,,,
铆头,,,
电磁阀线,,,
感应器,,,
气压表,,,
铜针,,,
焊头,,,
焊头,,,
丝杆,,,
感应器,,,
吸头,,,
感应器,,,
打油电机,,,
工装,,,
铆头,,,
铜套,,,
把手,,,
测油壶工装,,,
传送带电机,,,
挡停气缸,,,
油缸,,,
夹爪,,,
感应器,,,
I/O模块,,,
中心杆工装,,,
皮带,,,
尼龙工装,,,
三芯线,,,
四芯线,,,
弹簧,,,
阀芯,,,
打码针,,,
弹簧,,,
压力开关,,,
感应器,,,
24V电源,,,
焊头,,,
感应器,,,
气压表,,,
感应器,,,
枪杆,,,
枪头,,,
气缸,,,
感应器,,,
连接头,,,
感应器,,,
滑道传感器,,,
感应器,,,
传感器,,,
气缸,,,
感应器,,,
阀芯,,,
阀芯,,,
测油壶工装,,,
moby传感器,,,
电缸,,,
单向接头,,,
单向接头,,,
铜针,,,
连接头,,,
高压阀芯,,,
焊头,,,
阀套,,,
拉销,,,
联轴器,,,
扫码枪网线,,,
工装,,,
铜针,,,
电缸,,,
感应器,,,
感应器,,,
真空传感器,,,
枪杆,,,
气缸,,,
阀芯,,,
铜针,,,
感应器,,,
通电工装,,,
DALSA相机,,,
感应器,,,
铆刀,,,
打油电机,,,
工装,,,
工装,,,
工装,,,
工装,,,
焊头,,,
缓冲,,,
滤袋,,,
卡箍,,,
感应器,,,
工装,,,
枪头,,,
工装,,,
工装,,,
轴承,,,
夹爪,,,
快速排气阀,,,
铆头,,,
焊头,,,
铆头,,,
焊头,,,
感应器,,,
接头,,,
超声波控制器,,,
工装,,,
夹爪工装,,,
锁码气缸,,,
铜针,,,
铜针,,,
消声器,,,
小托盘,,,
阀芯,,,
模块,,,
感应器,,,
感应器,,,
感应器,,,
铆头,,,
焊头,,,
,,,
阀芯,,,
焊头,,,
传感器,,,
光纤对射传感器,,,
卡爪,,,
旋转电机,,,
气缸,,,
焊头,,,
铆头,,,
感应器,,,
弹簧,,,
夹爪,,,
阀芯,,,
感应器,,,
感应器,铆刀,,
阀盖,,,
工装,,,
传感器,,,
高压阀芯,,,
三芯线,,,
阀芯,,,
位移,,,
焊头,,,
枪杆,,,
驱动器,,,
MOBY感应器,,,
工装,,,
高压阀芯,,,
枪头,,,
缓冲,,,
工装,,,
连接头,,,
电缸,,,
缓冲,,,
